record_id,pair_id,workload_group,split,operation,label,account_state_label,model,score,threshold,alerted
ctxv5-p008-r01,ctxv5-p008,v5-dev-backup-03,development,backup_delete,legitimate_admin,expected_use,operation_only,0.5,0.500000000001,False
ctxv5-p008-r02,ctxv5-p008,v5-dev-backup-03,development,backup_delete,attack_preparation,not_applicable,operation_only,0.5,0.500000000001,False
ctxv5-p009-r01,ctxv5-p009,v5-dev-event-05,development,event_log_clear,legitimate_admin,expected_use,operation_only,0.5,0.500000000001,False
ctxv5-p009-r02,ctxv5-p009,v5-dev-event-05,development,event_log_clear,attack_preparation,compromised,operation_only,0.5,0.500000000001,False
ctxv5-p010-r01,ctxv5-p010,v5-dev-backup-01,development,backup_delete,legitimate_admin,expected_use,operation_only,0.5,0.500000000001,False
ctxv5-p010-r02,ctxv5-p010,v5-dev-backup-01,development,backup_delete,attack_preparation,not_applicable,operation_only,0.5,0.500000000001,False
ctxv5-p012-r01,ctxv5-p012,v5-dev-event-01,development,event_log_clear,legitimate_admin,expected_use,operation_only,0.5,0.500000000001,False
ctxv5-p012-r02,ctxv5-p012,v5-dev-event-01,development,event_log_clear,attack_preparation,not_applicable,operation_only,0.5,0.500000000001,False
ctxv5-p013-r01,ctxv5-p013,v5-dev-event-02,development,event_log_clear,legitimate_admin,expected_use,operation_only,0.5,0.500000000001,False
ctxv5-p013-r02,ctxv5-p013,v5-dev-event-02,development,event_log_clear,attack_preparation,not_applicable,operation_only,0.5,0.500000000001,False
ctxv5-p014-r01,ctxv5-p014,v5-dev-service-06,development,service_disable,legitimate_admin,expected_use,operation_only,0.5,0.500000000001,False
ctxv5-p014-r02,ctxv5-p014,v5-dev-service-06,development,service_disable,attack_preparation,compromised,operation_only,0.5,0.500000000001,False
ctxv5-p021-r01,ctxv5-p021,v5-dev-event-03,development,event_log_clear,legitimate_admin,expected_use,operation_only,0.5,0.500000000001,False
ctxv5-p021-r02,ctxv5-p021,v5-dev-event-03,development,event_log_clear,attack_preparation,not_applicable,operation_only,0.5,0.500000000001,False
ctxv5-p023-r01,ctxv5-p023,v5-dev-service-04,development,service_disable,legitimate_admin,expected_use,operation_only,0.5,0.500000000001,False
ctxv5-p023-r02,ctxv5-p023,v5-dev-service-04,development,service_disable,attack_preparation,compromised,operation_only,0.5,0.500000000001,False
ctxv5-p025-r01,ctxv5-p025,v5-dev-service-05,development,service_disable,legitimate_admin,expected_use,operation_only,0.5,0.500000000001,False
ctxv5-p025-r02,ctxv5-p025,v5-dev-service-05,development,service_disable,attack_preparation,compromised,operation_only,0.5,0.500000000001,False
ctxv5-p029-r01,ctxv5-p029,v5-dev-backup-05,development,backup_delete,legitimate_admin,expected_use,operation_only,0.5,0.500000000001,False
ctxv5-p029-r02,ctxv5-p029,v5-dev-backup-05,development,backup_delete,attack_preparation,compromised,operation_only,0.5,0.500000000001,False
ctxv5-p030-r01,ctxv5-p030,v5-dev-event-06,development,event_log_clear,legitimate_admin,expected_use,operation_only,0.5,0.500000000001,False
ctxv5-p030-r02,ctxv5-p030,v5-dev-event-06,development,event_log_clear,attack_preparation,compromised,operation_only,0.5,0.500000000001,False
ctxv5-p034-r01,ctxv5-p034,v5-dev-vss-04,development,shadow_copy_delete,legitimate_admin,expected_use,operation_only,0.5,0.500000000001,False
ctxv5-p034-r02,ctxv5-p034,v5-dev-vss-04,development,shadow_copy_delete,attack_preparation,compromised,operation_only,0.5,0.500000000001,False
ctxv5-p036-r01,ctxv5-p036,v5-dev-service-01,development,service_disable,legitimate_admin,expected_use,operation_only,0.5,0.500000000001,False
ctxv5-p036-r02,ctxv5-p036,v5-dev-service-01,development,service_disable,attack_preparation,not_applicable,operation_only,0.5,0.500000000001,False
ctxv5-p041-r01,ctxv5-p041,v5-dev-vss-03,development,shadow_copy_delete,legitimate_admin,expected_use,operation_only,0.5,0.500000000001,False
ctxv5-p041-r02,ctxv5-p041,v5-dev-vss-03,development,shadow_copy_delete,attack_preparation,not_applicable,operation_only,0.5,0.500000000001,False
ctxv5-p045-r01,ctxv5-p045,v5-dev-backup-06,development,backup_delete,legitimate_admin,expected_use,operation_only,0.5,0.500000000001,False
ctxv5-p045-r02,ctxv5-p045,v5-dev-backup-06,development,backup_delete,attack_preparation,compromised,operation_only,0.5,0.500000000001,False
ctxv5-p049-r01,ctxv5-p049,v5-dev-vss-06,development,shadow_copy_delete,legitimate_admin,expected_use,operation_only,0.5,0.500000000001,False
ctxv5-p049-r02,ctxv5-p049,v5-dev-vss-06,development,shadow_copy_delete,attack_preparation,compromised,operation_only,0.5,0.500000000001,False
ctxv5-p053-r01,ctxv5-p053,v5-dev-service-03,development,service_disable,legitimate_admin,expected_use,operation_only,0.5,0.500000000001,False
ctxv5-p053-r02,ctxv5-p053,v5-dev-service-03,development,service_disable,attack_preparation,not_applicable,operation_only,0.5,0.500000000001,False
ctxv5-p057-r01,ctxv5-p057,v5-dev-backup-04,development,backup_delete,legitimate_admin,expected_use,operation_only,0.5,0.500000000001,False
ctxv5-p057-r02,ctxv5-p057,v5-dev-backup-04,development,backup_delete,attack_preparation,compromised,operation_only,0.5,0.500000000001,False
ctxv5-p059-r01,ctxv5-p059,v5-dev-service-02,development,service_disable,legitimate_admin,expected_use,operation_only,0.5,0.500000000001,False
ctxv5-p059-r02,ctxv5-p059,v5-dev-service-02,development,service_disable,attack_preparation,not_applicable,operation_only,0.5,0.500000000001,False
ctxv5-p060-r01,ctxv5-p060,v5-dev-vss-01,development,shadow_copy_delete,legitimate_admin,expected_use,operation_only,0.5,0.500000000001,False
ctxv5-p060-r02,ctxv5-p060,v5-dev-vss-01,development,shadow_copy_delete,attack_preparation,not_applicable,operation_only,0.5,0.500000000001,False
ctxv5-p061-r01,ctxv5-p061,v5-dev-event-04,development,event_log_clear,legitimate_admin,expected_use,operation_only,0.5,0.500000000001,False
ctxv5-p061-r02,ctxv5-p061,v5-dev-event-04,development,event_log_clear,attack_preparation,compromised,operation_only,0.5,0.500000000001,False
ctxv5-p065-r01,ctxv5-p065,v5-dev-vss-05,development,shadow_copy_delete,legitimate_admin,expected_use,operation_only,0.5,0.500000000001,False
ctxv5-p065-r02,ctxv5-p065,v5-dev-vss-05,development,shadow_copy_delete,attack_preparation,compromised,operation_only,0.5,0.500000000001,False
ctxv5-p066-r01,ctxv5-p066,v5-dev-backup-02,development,backup_delete,legitimate_admin,expected_use,operation_only,0.5,0.500000000001,False
ctxv5-p066-r02,ctxv5-p066,v5-dev-backup-02,development,backup_delete,attack_preparation,not_applicable,operation_only,0.5,0.500000000001,False
ctxv5-p071-r01,ctxv5-p071,v5-dev-vss-02,development,shadow_copy_delete,legitimate_admin,expected_use,operation_only,0.5,0.500000000001,False
ctxv5-p071-r02,ctxv5-p071,v5-dev-vss-02,development,shadow_copy_delete,attack_preparation,not_applicable,operation_only,0.5,0.500000000001,False
ctxv5-p001-r01,ctxv5-p001,v5-val-vss-05,validation,shadow_copy_delete,legitimate_admin,expected_use,operation_only,0.5,0.500000000001,False
ctxv5-p001-r02,ctxv5-p001,v5-val-vss-05,validation,shadow_copy_delete,attack_preparation,compromised,operation_only,0.5,0.500000000001,False
ctxv5-p004-r01,ctxv5-p004,v5-val-vss-02,validation,shadow_copy_delete,legitimate_admin,expected_use,operation_only,0.5,0.500000000001,False
ctxv5-p004-r02,ctxv5-p004,v5-val-vss-02,validation,shadow_copy_delete,attack_preparation,not_applicable,operation_only,0.5,0.500000000001,False
ctxv5-p005-r01,ctxv5-p005,v5-val-vss-04,validation,shadow_copy_delete,legitimate_admin,expected_use,operation_only,0.5,0.500000000001,False
ctxv5-p005-r02,ctxv5-p005,v5-val-vss-04,validation,shadow_copy_delete,attack_preparation,compromised,operation_only,0.5,0.500000000001,False
ctxv5-p007-r01,ctxv5-p007,v5-val-event-01,validation,event_log_clear,legitimate_admin,expected_use,operation_only,0.5,0.500000000001,False
ctxv5-p007-r02,ctxv5-p007,v5-val-event-01,validation,event_log_clear,attack_preparation,not_applicable,operation_only,0.5,0.500000000001,False
ctxv5-p011-r01,ctxv5-p011,v5-val-vss-01,validation,shadow_copy_delete,legitimate_admin,expected_use,operation_only,0.5,0.500000000001,False
ctxv5-p011-r02,ctxv5-p011,v5-val-vss-01,validation,shadow_copy_delete,attack_preparation,not_applicable,operation_only,0.5,0.500000000001,False
ctxv5-p015-r01,ctxv5-p015,v5-val-backup-01,validation,backup_delete,legitimate_admin,expected_use,operation_only,0.5,0.500000000001,False
ctxv5-p015-r02,ctxv5-p015,v5-val-backup-01,validation,backup_delete,attack_preparation,not_applicable,operation_only,0.5,0.500000000001,False
ctxv5-p020-r01,ctxv5-p020,v5-val-event-04,validation,event_log_clear,legitimate_admin,expected_use,operation_only,0.5,0.500000000001,False
ctxv5-p020-r02,ctxv5-p020,v5-val-event-04,validation,event_log_clear,attack_preparation,compromised,operation_only,0.5,0.500000000001,False
ctxv5-p028-r01,ctxv5-p028,v5-val-backup-05,validation,backup_delete,legitimate_admin,expected_use,operation_only,0.5,0.500000000001,False
ctxv5-p028-r02,ctxv5-p028,v5-val-backup-05,validation,backup_delete,attack_preparation,compromised,operation_only,0.5,0.500000000001,False
ctxv5-p033-r01,ctxv5-p033,v5-val-service-04,validation,service_disable,legitimate_admin,expected_use,operation_only,0.5,0.500000000001,False
ctxv5-p033-r02,ctxv5-p033,v5-val-service-04,validation,service_disable,attack_preparation,compromised,operation_only,0.5,0.500000000001,False
ctxv5-p037-r01,ctxv5-p037,v5-val-backup-04,validation,backup_delete,legitimate_admin,expected_use,operation_only,0.5,0.500000000001,False
ctxv5-p037-r02,ctxv5-p037,v5-val-backup-04,validation,backup_delete,attack_preparation,compromised,operation_only,0.5,0.500000000001,False
ctxv5-p039-r01,ctxv5-p039,v5-val-event-05,validation,event_log_clear,legitimate_admin,expected_use,operation_only,0.5,0.500000000001,False
ctxv5-p039-r02,ctxv5-p039,v5-val-event-05,validation,event_log_clear,attack_preparation,compromised,operation_only,0.5,0.500000000001,False
ctxv5-p040-r01,ctxv5-p040,v5-val-backup-03,validation,backup_delete,legitimate_admin,expected_use,operation_only,0.5,0.500000000001,False
ctxv5-p040-r02,ctxv5-p040,v5-val-backup-03,validation,backup_delete,attack_preparation,not_applicable,operation_only,0.5,0.500000000001,False
ctxv5-p042-r01,ctxv5-p042,v5-val-backup-06,validation,backup_delete,legitimate_admin,expected_use,operation_only,0.5,0.500000000001,False
ctxv5-p042-r02,ctxv5-p042,v5-val-backup-06,validation,backup_delete,attack_preparation,compromised,operation_only,0.5,0.500000000001,False
ctxv5-p043-r01,ctxv5-p043,v5-val-backup-02,validation,backup_delete,legitimate_admin,expected_use,operation_only,0.5,0.500000000001,False
ctxv5-p043-r02,ctxv5-p043,v5-val-backup-02,validation,backup_delete,attack_preparation,not_applicable,operation_only,0.5,0.500000000001,False
ctxv5-p046-r01,ctxv5-p046,v5-val-vss-06,validation,shadow_copy_delete,legitimate_admin,expected_use,operation_only,0.5,0.500000000001,False
ctxv5-p046-r02,ctxv5-p046,v5-val-vss-06,validation,shadow_copy_delete,attack_preparation,compromised,operation_only,0.5,0.500000000001,False
ctxv5-p048-r01,ctxv5-p048,v5-val-vss-03,validation,shadow_copy_delete,legitimate_admin,expected_use,operation_only,0.5,0.500000000001,False
ctxv5-p048-r02,ctxv5-p048,v5-val-vss-03,validation,shadow_copy_delete,attack_preparation,not_applicable,operation_only,0.5,0.500000000001,False
ctxv5-p051-r01,ctxv5-p051,v5-val-service-03,validation,service_disable,legitimate_admin,expected_use,operation_only,0.5,0.500000000001,False
ctxv5-p051-r02,ctxv5-p051,v5-val-service-03,validation,service_disable,attack_preparation,not_applicable,operation_only,0.5,0.500000000001,False
ctxv5-p054-r01,ctxv5-p054,v5-val-service-06,validation,service_disable,legitimate_admin,expected_use,operation_only,0.5,0.500000000001,False
ctxv5-p054-r02,ctxv5-p054,v5-val-service-06,validation,service_disable,attack_preparation,compromised,operation_only,0.5,0.500000000001,False
ctxv5-p055-r01,ctxv5-p055,v5-val-service-02,validation,service_disable,legitimate_admin,expected_use,operation_only,0.5,0.500000000001,False
ctxv5-p055-r02,ctxv5-p055,v5-val-service-02,validation,service_disable,attack_preparation,not_applicable,operation_only,0.5,0.500000000001,False
ctxv5-p056-r01,ctxv5-p056,v5-val-event-03,validation,event_log_clear,legitimate_admin,expected_use,operation_only,0.5,0.500000000001,False
ctxv5-p056-r02,ctxv5-p056,v5-val-event-03,validation,event_log_clear,attack_preparation,not_applicable,operation_only,0.5,0.500000000001,False
ctxv5-p058-r01,ctxv5-p058,v5-val-event-02,validation,event_log_clear,legitimate_admin,expected_use,operation_only,0.5,0.500000000001,False
ctxv5-p058-r02,ctxv5-p058,v5-val-event-02,validation,event_log_clear,attack_preparation,not_applicable,operation_only,0.5,0.500000000001,False
ctxv5-p063-r01,ctxv5-p063,v5-val-service-01,validation,service_disable,legitimate_admin,expected_use,operation_only,0.5,0.500000000001,False
ctxv5-p063-r02,ctxv5-p063,v5-val-service-01,validation,service_disable,attack_preparation,not_applicable,operation_only,0.5,0.500000000001,False
ctxv5-p064-r01,ctxv5-p064,v5-val-event-06,validation,event_log_clear,legitimate_admin,expected_use,operation_only,0.5,0.500000000001,False
ctxv5-p064-r02,ctxv5-p064,v5-val-event-06,validation,event_log_clear,attack_preparation,compromised,operation_only,0.5,0.500000000001,False
ctxv5-p072-r01,ctxv5-p072,v5-val-service-05,validation,service_disable,legitimate_admin,expected_use,operation_only,0.5,0.500000000001,False
ctxv5-p072-r02,ctxv5-p072,v5-val-service-05,validation,service_disable,attack_preparation,compromised,operation_only,0.5,0.500000000001,False
ctxv5-p002-r01,ctxv5-p002,v5-test-backup-02,test,backup_delete,legitimate_admin,expected_use,operation_only,0.5,0.500000000001,False
ctxv5-p002-r02,ctxv5-p002,v5-test-backup-02,test,backup_delete,attack_preparation,not_applicable,operation_only,0.5,0.500000000001,False
ctxv5-p003-r01,ctxv5-p003,v5-test-service-02,test,service_disable,legitimate_admin,expected_use,operation_only,0.5,0.500000000001,False
ctxv5-p003-r02,ctxv5-p003,v5-test-service-02,test,service_disable,attack_preparation,not_applicable,operation_only,0.5,0.500000000001,False
ctxv5-p006-r01,ctxv5-p006,v5-test-service-05,test,service_disable,legitimate_admin,expected_use,operation_only,0.5,0.500000000001,False
ctxv5-p006-r02,ctxv5-p006,v5-test-service-05,test,service_disable,attack_preparation,compromised,operation_only,0.5,0.500000000001,False
ctxv5-p016-r01,ctxv5-p016,v5-test-event-01,test,event_log_clear,legitimate_admin,expected_use,operation_only,0.5,0.500000000001,False
ctxv5-p016-r02,ctxv5-p016,v5-test-event-01,test,event_log_clear,attack_preparation,not_applicable,operation_only,0.5,0.500000000001,False
ctxv5-p017-r01,ctxv5-p017,v5-test-backup-03,test,backup_delete,legitimate_admin,expected_use,operation_only,0.5,0.500000000001,False
ctxv5-p017-r02,ctxv5-p017,v5-test-backup-03,test,backup_delete,attack_preparation,not_applicable,operation_only,0.5,0.500000000001,False
ctxv5-p018-r01,ctxv5-p018,v5-test-service-06,test,service_disable,legitimate_admin,expected_use,operation_only,0.5,0.500000000001,False
ctxv5-p018-r02,ctxv5-p018,v5-test-service-06,test,service_disable,attack_preparation,compromised,operation_only,0.5,0.500000000001,False
ctxv5-p019-r01,ctxv5-p019,v5-test-vss-06,test,shadow_copy_delete,legitimate_admin,expected_use,operation_only,0.5,0.500000000001,False
ctxv5-p019-r02,ctxv5-p019,v5-test-vss-06,test,shadow_copy_delete,attack_preparation,compromised,operation_only,0.5,0.500000000001,False
ctxv5-p022-r01,ctxv5-p022,v5-test-service-03,test,service_disable,legitimate_admin,expected_use,operation_only,0.5,0.500000000001,False
ctxv5-p022-r02,ctxv5-p022,v5-test-service-03,test,service_disable,attack_preparation,not_applicable,operation_only,0.5,0.500000000001,False
ctxv5-p024-r01,ctxv5-p024,v5-test-vss-01,test,shadow_copy_delete,legitimate_admin,expected_use,operation_only,0.5,0.500000000001,False
ctxv5-p024-r02,ctxv5-p024,v5-test-vss-01,test,shadow_copy_delete,attack_preparation,not_applicable,operation_only,0.5,0.500000000001,False
ctxv5-p026-r01,ctxv5-p026,v5-test-backup-04,test,backup_delete,legitimate_admin,expected_use,operation_only,0.5,0.500000000001,False
ctxv5-p026-r02,ctxv5-p026,v5-test-backup-04,test,backup_delete,attack_preparation,compromised,operation_only,0.5,0.500000000001,False
ctxv5-p027-r01,ctxv5-p027,v5-test-event-06,test,event_log_clear,legitimate_admin,expected_use,operation_only,0.5,0.500000000001,False
ctxv5-p027-r02,ctxv5-p027,v5-test-event-06,test,event_log_clear,attack_preparation,compromised,operation_only,0.5,0.500000000001,False
ctxv5-p031-r01,ctxv5-p031,v5-test-event-05,test,event_log_clear,legitimate_admin,expected_use,operation_only,0.5,0.500000000001,False
ctxv5-p031-r02,ctxv5-p031,v5-test-event-05,test,event_log_clear,attack_preparation,compromised,operation_only,0.5,0.500000000001,False
ctxv5-p032-r01,ctxv5-p032,v5-test-event-02,test,event_log_clear,legitimate_admin,expected_use,operation_only,0.5,0.500000000001,False
ctxv5-p032-r02,ctxv5-p032,v5-test-event-02,test,event_log_clear,attack_preparation,not_applicable,operation_only,0.5,0.500000000001,False
ctxv5-p035-r01,ctxv5-p035,v5-test-service-04,test,service_disable,legitimate_admin,expected_use,operation_only,0.5,0.500000000001,False
ctxv5-p035-r02,ctxv5-p035,v5-test-service-04,test,service_disable,attack_preparation,compromised,operation_only,0.5,0.500000000001,False
ctxv5-p038-r01,ctxv5-p038,v5-test-event-04,test,event_log_clear,legitimate_admin,expected_use,operation_only,0.5,0.500000000001,False
ctxv5-p038-r02,ctxv5-p038,v5-test-event-04,test,event_log_clear,attack_preparation,compromised,operation_only,0.5,0.500000000001,False
ctxv5-p044-r01,ctxv5-p044,v5-test-backup-06,test,backup_delete,legitimate_admin,expected_use,operation_only,0.5,0.500000000001,False
ctxv5-p044-r02,ctxv5-p044,v5-test-backup-06,test,backup_delete,attack_preparation,compromised,operation_only,0.5,0.500000000001,False
ctxv5-p047-r01,ctxv5-p047,v5-test-vss-02,test,shadow_copy_delete,legitimate_admin,expected_use,operation_only,0.5,0.500000000001,False
ctxv5-p047-r02,ctxv5-p047,v5-test-vss-02,test,shadow_copy_delete,attack_preparation,not_applicable,operation_only,0.5,0.500000000001,False
ctxv5-p050-r01,ctxv5-p050,v5-test-vss-05,test,shadow_copy_delete,legitimate_admin,expected_use,operation_only,0.5,0.500000000001,False
ctxv5-p050-r02,ctxv5-p050,v5-test-vss-05,test,shadow_copy_delete,attack_preparation,compromised,operation_only,0.5,0.500000000001,False
ctxv5-p052-r01,ctxv5-p052,v5-test-event-03,test,event_log_clear,legitimate_admin,expected_use,operation_only,0.5,0.500000000001,False
ctxv5-p052-r02,ctxv5-p052,v5-test-event-03,test,event_log_clear,attack_preparation,not_applicable,operation_only,0.5,0.500000000001,False
ctxv5-p062-r01,ctxv5-p062,v5-test-service-01,test,service_disable,legitimate_admin,expected_use,operation_only,0.5,0.500000000001,False
ctxv5-p062-r02,ctxv5-p062,v5-test-service-01,test,service_disable,attack_preparation,not_applicable,operation_only,0.5,0.500000000001,False
ctxv5-p067-r01,ctxv5-p067,v5-test-vss-04,test,shadow_copy_delete,legitimate_admin,expected_use,operation_only,0.5,0.500000000001,False
ctxv5-p067-r02,ctxv5-p067,v5-test-vss-04,test,shadow_copy_delete,attack_preparation,compromised,operation_only,0.5,0.500000000001,False
ctxv5-p068-r01,ctxv5-p068,v5-test-vss-03,test,shadow_copy_delete,legitimate_admin,expected_use,operation_only,0.5,0.500000000001,False
ctxv5-p068-r02,ctxv5-p068,v5-test-vss-03,test,shadow_copy_delete,attack_preparation,not_applicable,operation_only,0.5,0.500000000001,False
ctxv5-p069-r01,ctxv5-p069,v5-test-backup-01,test,backup_delete,legitimate_admin,expected_use,operation_only,0.5,0.500000000001,False
ctxv5-p069-r02,ctxv5-p069,v5-test-backup-01,test,backup_delete,attack_preparation,not_applicable,operation_only,0.5,0.500000000001,False
ctxv5-p070-r01,ctxv5-p070,v5-test-backup-05,test,backup_delete,legitimate_admin,expected_use,operation_only,0.5,0.500000000001,False
ctxv5-p070-r02,ctxv5-p070,v5-test-backup-05,test,backup_delete,attack_preparation,compromised,operation_only,0.5,0.500000000001,False
ctxv5-p008-r01,ctxv5-p008,v5-dev-backup-03,development,backup_delete,legitimate_admin,expected_use,measured_actor_context,0.36035622414749613,0.9017658822260124,False
ctxv5-p008-r02,ctxv5-p008,v5-dev-backup-03,development,backup_delete,attack_preparation,not_applicable,measured_actor_context,0.9017658822260124,0.9017658822260124,True
ctxv5-p009-r01,ctxv5-p009,v5-dev-event-05,development,event_log_clear,legitimate_admin,expected_use,measured_actor_context,0.36035622414749613,0.9017658822260124,False
ctxv5-p009-r02,ctxv5-p009,v5-dev-event-05,development,event_log_clear,attack_preparation,compromised,measured_actor_context,0.36035622414749613,0.9017658822260124,False
ctxv5-p010-r01,ctxv5-p010,v5-dev-backup-01,development,backup_delete,legitimate_admin,expected_use,measured_actor_context,0.36035622414749613,0.9017658822260124,False
ctxv5-p010-r02,ctxv5-p010,v5-dev-backup-01,development,backup_delete,attack_preparation,not_applicable,measured_actor_context,0.9017658822260124,0.9017658822260124,True
ctxv5-p012-r01,ctxv5-p012,v5-dev-event-01,development,event_log_clear,legitimate_admin,expected_use,measured_actor_context,0.36035622414749613,0.9017658822260124,False
ctxv5-p012-r02,ctxv5-p012,v5-dev-event-01,development,event_log_clear,attack_preparation,not_applicable,measured_actor_context,0.9017658822260124,0.9017658822260124,True
ctxv5-p013-r01,ctxv5-p013,v5-dev-event-02,development,event_log_clear,legitimate_admin,expected_use,measured_actor_context,0.36035622414749613,0.9017658822260124,False
ctxv5-p013-r02,ctxv5-p013,v5-dev-event-02,development,event_log_clear,attack_preparation,not_applicable,measured_actor_context,0.9017658822260124,0.9017658822260124,True
ctxv5-p014-r01,ctxv5-p014,v5-dev-service-06,development,service_disable,legitimate_admin,expected_use,measured_actor_context,0.36035622414749613,0.9017658822260124,False
ctxv5-p014-r02,ctxv5-p014,v5-dev-service-06,development,service_disable,attack_preparation,compromised,measured_actor_context,0.36035622414749613,0.9017658822260124,False
ctxv5-p021-r01,ctxv5-p021,v5-dev-event-03,development,event_log_clear,legitimate_admin,expected_use,measured_actor_context,0.36035622414749613,0.9017658822260124,False
ctxv5-p021-r02,ctxv5-p021,v5-dev-event-03,development,event_log_clear,attack_preparation,not_applicable,measured_actor_context,0.9017658822260124,0.9017658822260124,True
ctxv5-p023-r01,ctxv5-p023,v5-dev-service-04,development,service_disable,legitimate_admin,expected_use,measured_actor_context,0.36035622414749613,0.9017658822260124,False
ctxv5-p023-r02,ctxv5-p023,v5-dev-service-04,development,service_disable,attack_preparation,compromised,measured_actor_context,0.36035622414749613,0.9017658822260124,False
ctxv5-p025-r01,ctxv5-p025,v5-dev-service-05,development,service_disable,legitimate_admin,expected_use,measured_actor_context,0.36035622414749613,0.9017658822260124,False
ctxv5-p025-r02,ctxv5-p025,v5-dev-service-05,development,service_disable,attack_preparation,compromised,measured_actor_context,0.36035622414749613,0.9017658822260124,False
ctxv5-p029-r01,ctxv5-p029,v5-dev-backup-05,development,backup_delete,legitimate_admin,expected_use,measured_actor_context,0.36035622414749613,0.9017658822260124,False
ctxv5-p029-r02,ctxv5-p029,v5-dev-backup-05,development,backup_delete,attack_preparation,compromised,measured_actor_context,0.36035622414749613,0.9017658822260124,False
ctxv5-p030-r01,ctxv5-p030,v5-dev-event-06,development,event_log_clear,legitimate_admin,expected_use,measured_actor_context,0.36035622414749613,0.9017658822260124,False
ctxv5-p030-r02,ctxv5-p030,v5-dev-event-06,development,event_log_clear,attack_preparation,compromised,measured_actor_context,0.36035622414749613,0.9017658822260124,False
ctxv5-p034-r01,ctxv5-p034,v5-dev-vss-04,development,shadow_copy_delete,legitimate_admin,expected_use,measured_actor_context,0.36035622414749613,0.9017658822260124,False
ctxv5-p034-r02,ctxv5-p034,v5-dev-vss-04,development,shadow_copy_delete,attack_preparation,compromised,measured_actor_context,0.36035622414749613,0.9017658822260124,False
ctxv5-p036-r01,ctxv5-p036,v5-dev-service-01,development,service_disable,legitimate_admin,expected_use,measured_actor_context,0.36035622414749613,0.9017658822260124,False
ctxv5-p036-r02,ctxv5-p036,v5-dev-service-01,development,service_disable,attack_preparation,not_applicable,measured_actor_context,0.9017658822260124,0.9017658822260124,True
ctxv5-p041-r01,ctxv5-p041,v5-dev-vss-03,development,shadow_copy_delete,legitimate_admin,expected_use,measured_actor_context,0.36035622414749613,0.9017658822260124,False
ctxv5-p041-r02,ctxv5-p041,v5-dev-vss-03,development,shadow_copy_delete,attack_preparation,not_applicable,measured_actor_context,0.9017658822260124,0.9017658822260124,True
ctxv5-p045-r01,ctxv5-p045,v5-dev-backup-06,development,backup_delete,legitimate_admin,expected_use,measured_actor_context,0.36035622414749613,0.9017658822260124,False
ctxv5-p045-r02,ctxv5-p045,v5-dev-backup-06,development,backup_delete,attack_preparation,compromised,measured_actor_context,0.36035622414749613,0.9017658822260124,False
ctxv5-p049-r01,ctxv5-p049,v5-dev-vss-06,development,shadow_copy_delete,legitimate_admin,expected_use,measured_actor_context,0.36035622414749613,0.9017658822260124,False
ctxv5-p049-r02,ctxv5-p049,v5-dev-vss-06,development,shadow_copy_delete,attack_preparation,compromised,measured_actor_context,0.36035622414749613,0.9017658822260124,False
ctxv5-p053-r01,ctxv5-p053,v5-dev-service-03,development,service_disable,legitimate_admin,expected_use,measured_actor_context,0.36035622414749613,0.9017658822260124,False
ctxv5-p053-r02,ctxv5-p053,v5-dev-service-03,development,service_disable,attack_preparation,not_applicable,measured_actor_context,0.9017658822260124,0.9017658822260124,True
ctxv5-p057-r01,ctxv5-p057,v5-dev-backup-04,development,backup_delete,legitimate_admin,expected_use,measured_actor_context,0.36035622414749613,0.9017658822260124,False
ctxv5-p057-r02,ctxv5-p057,v5-dev-backup-04,development,backup_delete,attack_preparation,compromised,measured_actor_context,0.36035622414749613,0.9017658822260124,False
ctxv5-p059-r01,ctxv5-p059,v5-dev-service-02,development,service_disable,legitimate_admin,expected_use,measured_actor_context,0.36035622414749613,0.9017658822260124,False
ctxv5-p059-r02,ctxv5-p059,v5-dev-service-02,development,service_disable,attack_preparation,not_applicable,measured_actor_context,0.9017658822260124,0.9017658822260124,True
ctxv5-p060-r01,ctxv5-p060,v5-dev-vss-01,development,shadow_copy_delete,legitimate_admin,expected_use,measured_actor_context,0.36035622414749613,0.9017658822260124,False
ctxv5-p060-r02,ctxv5-p060,v5-dev-vss-01,development,shadow_copy_delete,attack_preparation,not_applicable,measured_actor_context,0.9017658822260124,0.9017658822260124,True
ctxv5-p061-r01,ctxv5-p061,v5-dev-event-04,development,event_log_clear,legitimate_admin,expected_use,measured_actor_context,0.36035622414749613,0.9017658822260124,False
ctxv5-p061-r02,ctxv5-p061,v5-dev-event-04,development,event_log_clear,attack_preparation,compromised,measured_actor_context,0.36035622414749613,0.9017658822260124,False
ctxv5-p065-r01,ctxv5-p065,v5-dev-vss-05,development,shadow_copy_delete,legitimate_admin,expected_use,measured_actor_context,0.36035622414749613,0.9017658822260124,False
ctxv5-p065-r02,ctxv5-p065,v5-dev-vss-05,development,shadow_copy_delete,attack_preparation,compromised,measured_actor_context,0.36035622414749613,0.9017658822260124,False
ctxv5-p066-r01,ctxv5-p066,v5-dev-backup-02,development,backup_delete,legitimate_admin,expected_use,measured_actor_context,0.36035622414749613,0.9017658822260124,False
ctxv5-p066-r02,ctxv5-p066,v5-dev-backup-02,development,backup_delete,attack_preparation,not_applicable,measured_actor_context,0.9017658822260124,0.9017658822260124,True
ctxv5-p071-r01,ctxv5-p071,v5-dev-vss-02,development,shadow_copy_delete,legitimate_admin,expected_use,measured_actor_context,0.36035622414749613,0.9017658822260124,False
ctxv5-p071-r02,ctxv5-p071,v5-dev-vss-02,development,shadow_copy_delete,attack_preparation,not_applicable,measured_actor_context,0.9017658822260124,0.9017658822260124,True
ctxv5-p001-r01,ctxv5-p001,v5-val-vss-05,validation,shadow_copy_delete,legitimate_admin,expected_use,measured_actor_context,0.36035622414749613,0.9017658822260124,False
ctxv5-p001-r02,ctxv5-p001,v5-val-vss-05,validation,shadow_copy_delete,attack_preparation,compromised,measured_actor_context,0.36035622414749613,0.9017658822260124,False
ctxv5-p004-r01,ctxv5-p004,v5-val-vss-02,validation,shadow_copy_delete,legitimate_admin,expected_use,measured_actor_context,0.36035622414749613,0.9017658822260124,False
ctxv5-p004-r02,ctxv5-p004,v5-val-vss-02,validation,shadow_copy_delete,attack_preparation,not_applicable,measured_actor_context,0.9017658822260124,0.9017658822260124,True
ctxv5-p005-r01,ctxv5-p005,v5-val-vss-04,validation,shadow_copy_delete,legitimate_admin,expected_use,measured_actor_context,0.36035622414749613,0.9017658822260124,False
ctxv5-p005-r02,ctxv5-p005,v5-val-vss-04,validation,shadow_copy_delete,attack_preparation,compromised,measured_actor_context,0.36035622414749613,0.9017658822260124,False
ctxv5-p007-r01,ctxv5-p007,v5-val-event-01,validation,event_log_clear,legitimate_admin,expected_use,measured_actor_context,0.36035622414749613,0.9017658822260124,False
ctxv5-p007-r02,ctxv5-p007,v5-val-event-01,validation,event_log_clear,attack_preparation,not_applicable,measured_actor_context,0.9017658822260124,0.9017658822260124,True
ctxv5-p011-r01,ctxv5-p011,v5-val-vss-01,validation,shadow_copy_delete,legitimate_admin,expected_use,measured_actor_context,0.36035622414749613,0.9017658822260124,False
ctxv5-p011-r02,ctxv5-p011,v5-val-vss-01,validation,shadow_copy_delete,attack_preparation,not_applicable,measured_actor_context,0.9017658822260124,0.9017658822260124,True
ctxv5-p015-r01,ctxv5-p015,v5-val-backup-01,validation,backup_delete,legitimate_admin,expected_use,measured_actor_context,0.36035622414749613,0.9017658822260124,False
ctxv5-p015-r02,ctxv5-p015,v5-val-backup-01,validation,backup_delete,attack_preparation,not_applicable,measured_actor_context,0.9017658822260124,0.9017658822260124,True
ctxv5-p020-r01,ctxv5-p020,v5-val-event-04,validation,event_log_clear,legitimate_admin,expected_use,measured_actor_context,0.36035622414749613,0.9017658822260124,False
ctxv5-p020-r02,ctxv5-p020,v5-val-event-04,validation,event_log_clear,attack_preparation,compromised,measured_actor_context,0.36035622414749613,0.9017658822260124,False
ctxv5-p028-r01,ctxv5-p028,v5-val-backup-05,validation,backup_delete,legitimate_admin,expected_use,measured_actor_context,0.36035622414749613,0.9017658822260124,False
ctxv5-p028-r02,ctxv5-p028,v5-val-backup-05,validation,backup_delete,attack_preparation,compromised,measured_actor_context,0.36035622414749613,0.9017658822260124,False
ctxv5-p033-r01,ctxv5-p033,v5-val-service-04,validation,service_disable,legitimate_admin,expected_use,measured_actor_context,0.36035622414749613,0.9017658822260124,False
ctxv5-p033-r02,ctxv5-p033,v5-val-service-04,validation,service_disable,attack_preparation,compromised,measured_actor_context,0.36035622414749613,0.9017658822260124,False
ctxv5-p037-r01,ctxv5-p037,v5-val-backup-04,validation,backup_delete,legitimate_admin,expected_use,measured_actor_context,0.36035622414749613,0.9017658822260124,False
ctxv5-p037-r02,ctxv5-p037,v5-val-backup-04,validation,backup_delete,attack_preparation,compromised,measured_actor_context,0.36035622414749613,0.9017658822260124,False
ctxv5-p039-r01,ctxv5-p039,v5-val-event-05,validation,event_log_clear,legitimate_admin,expected_use,measured_actor_context,0.36035622414749613,0.9017658822260124,False
ctxv5-p039-r02,ctxv5-p039,v5-val-event-05,validation,event_log_clear,attack_preparation,compromised,measured_actor_context,0.36035622414749613,0.9017658822260124,False
ctxv5-p040-r01,ctxv5-p040,v5-val-backup-03,validation,backup_delete,legitimate_admin,expected_use,measured_actor_context,0.36035622414749613,0.9017658822260124,False
ctxv5-p040-r02,ctxv5-p040,v5-val-backup-03,validation,backup_delete,attack_preparation,not_applicable,measured_actor_context,0.9017658822260124,0.9017658822260124,True
ctxv5-p042-r01,ctxv5-p042,v5-val-backup-06,validation,backup_delete,legitimate_admin,expected_use,measured_actor_context,0.36035622414749613,0.9017658822260124,False
ctxv5-p042-r02,ctxv5-p042,v5-val-backup-06,validation,backup_delete,attack_preparation,compromised,measured_actor_context,0.36035622414749613,0.9017658822260124,False
ctxv5-p043-r01,ctxv5-p043,v5-val-backup-02,validation,backup_delete,legitimate_admin,expected_use,measured_actor_context,0.36035622414749613,0.9017658822260124,False
ctxv5-p043-r02,ctxv5-p043,v5-val-backup-02,validation,backup_delete,attack_preparation,not_applicable,measured_actor_context,0.9017658822260124,0.9017658822260124,True
ctxv5-p046-r01,ctxv5-p046,v5-val-vss-06,validation,shadow_copy_delete,legitimate_admin,expected_use,measured_actor_context,0.36035622414749613,0.9017658822260124,False
ctxv5-p046-r02,ctxv5-p046,v5-val-vss-06,validation,shadow_copy_delete,attack_preparation,compromised,measured_actor_context,0.36035622414749613,0.9017658822260124,False
ctxv5-p048-r01,ctxv5-p048,v5-val-vss-03,validation,shadow_copy_delete,legitimate_admin,expected_use,measured_actor_context,0.36035622414749613,0.9017658822260124,False
ctxv5-p048-r02,ctxv5-p048,v5-val-vss-03,validation,shadow_copy_delete,attack_preparation,not_applicable,measured_actor_context,0.9017658822260124,0.9017658822260124,True
ctxv5-p051-r01,ctxv5-p051,v5-val-service-03,validation,service_disable,legitimate_admin,expected_use,measured_actor_context,0.36035622414749613,0.9017658822260124,False
ctxv5-p051-r02,ctxv5-p051,v5-val-service-03,validation,service_disable,attack_preparation,not_applicable,measured_actor_context,0.9017658822260124,0.9017658822260124,True
ctxv5-p054-r01,ctxv5-p054,v5-val-service-06,validation,service_disable,legitimate_admin,expected_use,measured_actor_context,0.36035622414749613,0.9017658822260124,False
ctxv5-p054-r02,ctxv5-p054,v5-val-service-06,validation,service_disable,attack_preparation,compromised,measured_actor_context,0.36035622414749613,0.9017658822260124,False
ctxv5-p055-r01,ctxv5-p055,v5-val-service-02,validation,service_disable,legitimate_admin,expected_use,measured_actor_context,0.36035622414749613,0.9017658822260124,False
ctxv5-p055-r02,ctxv5-p055,v5-val-service-02,validation,service_disable,attack_preparation,not_applicable,measured_actor_context,0.9017658822260124,0.9017658822260124,True
ctxv5-p056-r01,ctxv5-p056,v5-val-event-03,validation,event_log_clear,legitimate_admin,expected_use,measured_actor_context,0.36035622414749613,0.9017658822260124,False
ctxv5-p056-r02,ctxv5-p056,v5-val-event-03,validation,event_log_clear,attack_preparation,not_applicable,measured_actor_context,0.9017658822260124,0.9017658822260124,True
ctxv5-p058-r01,ctxv5-p058,v5-val-event-02,validation,event_log_clear,legitimate_admin,expected_use,measured_actor_context,0.36035622414749613,0.9017658822260124,False
ctxv5-p058-r02,ctxv5-p058,v5-val-event-02,validation,event_log_clear,attack_preparation,not_applicable,measured_actor_context,0.9017658822260124,0.9017658822260124,True
ctxv5-p063-r01,ctxv5-p063,v5-val-service-01,validation,service_disable,legitimate_admin,expected_use,measured_actor_context,0.36035622414749613,0.9017658822260124,False
ctxv5-p063-r02,ctxv5-p063,v5-val-service-01,validation,service_disable,attack_preparation,not_applicable,measured_actor_context,0.9017658822260124,0.9017658822260124,True
ctxv5-p064-r01,ctxv5-p064,v5-val-event-06,validation,event_log_clear,legitimate_admin,expected_use,measured_actor_context,0.36035622414749613,0.9017658822260124,False
ctxv5-p064-r02,ctxv5-p064,v5-val-event-06,validation,event_log_clear,attack_preparation,compromised,measured_actor_context,0.36035622414749613,0.9017658822260124,False
ctxv5-p072-r01,ctxv5-p072,v5-val-service-05,validation,service_disable,legitimate_admin,expected_use,measured_actor_context,0.36035622414749613,0.9017658822260124,False
ctxv5-p072-r02,ctxv5-p072,v5-val-service-05,validation,service_disable,attack_preparation,compromised,measured_actor_context,0.36035622414749613,0.9017658822260124,False
ctxv5-p002-r01,ctxv5-p002,v5-test-backup-02,test,backup_delete,legitimate_admin,expected_use,measured_actor_context,0.36035622414749613,0.9017658822260124,False
ctxv5-p002-r02,ctxv5-p002,v5-test-backup-02,test,backup_delete,attack_preparation,not_applicable,measured_actor_context,0.9017658822260124,0.9017658822260124,True
ctxv5-p003-r01,ctxv5-p003,v5-test-service-02,test,service_disable,legitimate_admin,expected_use,measured_actor_context,0.36035622414749613,0.9017658822260124,False
ctxv5-p003-r02,ctxv5-p003,v5-test-service-02,test,service_disable,attack_preparation,not_applicable,measured_actor_context,0.9017658822260124,0.9017658822260124,True
ctxv5-p006-r01,ctxv5-p006,v5-test-service-05,test,service_disable,legitimate_admin,expected_use,measured_actor_context,0.36035622414749613,0.9017658822260124,False
ctxv5-p006-r02,ctxv5-p006,v5-test-service-05,test,service_disable,attack_preparation,compromised,measured_actor_context,0.36035622414749613,0.9017658822260124,False
ctxv5-p016-r01,ctxv5-p016,v5-test-event-01,test,event_log_clear,legitimate_admin,expected_use,measured_actor_context,0.36035622414749613,0.9017658822260124,False
ctxv5-p016-r02,ctxv5-p016,v5-test-event-01,test,event_log_clear,attack_preparation,not_applicable,measured_actor_context,0.9017658822260124,0.9017658822260124,True
ctxv5-p017-r01,ctxv5-p017,v5-test-backup-03,test,backup_delete,legitimate_admin,expected_use,measured_actor_context,0.36035622414749613,0.9017658822260124,False
ctxv5-p017-r02,ctxv5-p017,v5-test-backup-03,test,backup_delete,attack_preparation,not_applicable,measured_actor_context,0.9017658822260124,0.9017658822260124,True
ctxv5-p018-r01,ctxv5-p018,v5-test-service-06,test,service_disable,legitimate_admin,expected_use,measured_actor_context,0.36035622414749613,0.9017658822260124,False
ctxv5-p018-r02,ctxv5-p018,v5-test-service-06,test,service_disable,attack_preparation,compromised,measured_actor_context,0.36035622414749613,0.9017658822260124,False
ctxv5-p019-r01,ctxv5-p019,v5-test-vss-06,test,shadow_copy_delete,legitimate_admin,expected_use,measured_actor_context,0.36035622414749613,0.9017658822260124,False
ctxv5-p019-r02,ctxv5-p019,v5-test-vss-06,test,shadow_copy_delete,attack_preparation,compromised,measured_actor_context,0.36035622414749613,0.9017658822260124,False
ctxv5-p022-r01,ctxv5-p022,v5-test-service-03,test,service_disable,legitimate_admin,expected_use,measured_actor_context,0.36035622414749613,0.9017658822260124,False
ctxv5-p022-r02,ctxv5-p022,v5-test-service-03,test,service_disable,attack_preparation,not_applicable,measured_actor_context,0.9017658822260124,0.9017658822260124,True
ctxv5-p024-r01,ctxv5-p024,v5-test-vss-01,test,shadow_copy_delete,legitimate_admin,expected_use,measured_actor_context,0.36035622414749613,0.9017658822260124,False
ctxv5-p024-r02,ctxv5-p024,v5-test-vss-01,test,shadow_copy_delete,attack_preparation,not_applicable,measured_actor_context,0.9017658822260124,0.9017658822260124,True
ctxv5-p026-r01,ctxv5-p026,v5-test-backup-04,test,backup_delete,legitimate_admin,expected_use,measured_actor_context,0.36035622414749613,0.9017658822260124,False
ctxv5-p026-r02,ctxv5-p026,v5-test-backup-04,test,backup_delete,attack_preparation,compromised,measured_actor_context,0.36035622414749613,0.9017658822260124,False
ctxv5-p027-r01,ctxv5-p027,v5-test-event-06,test,event_log_clear,legitimate_admin,expected_use,measured_actor_context,0.36035622414749613,0.9017658822260124,False
ctxv5-p027-r02,ctxv5-p027,v5-test-event-06,test,event_log_clear,attack_preparation,compromised,measured_actor_context,0.36035622414749613,0.9017658822260124,False
ctxv5-p031-r01,ctxv5-p031,v5-test-event-05,test,event_log_clear,legitimate_admin,expected_use,measured_actor_context,0.36035622414749613,0.9017658822260124,False
ctxv5-p031-r02,ctxv5-p031,v5-test-event-05,test,event_log_clear,attack_preparation,compromised,measured_actor_context,0.36035622414749613,0.9017658822260124,False
ctxv5-p032-r01,ctxv5-p032,v5-test-event-02,test,event_log_clear,legitimate_admin,expected_use,measured_actor_context,0.36035622414749613,0.9017658822260124,False
ctxv5-p032-r02,ctxv5-p032,v5-test-event-02,test,event_log_clear,attack_preparation,not_applicable,measured_actor_context,0.9017658822260124,0.9017658822260124,True
ctxv5-p035-r01,ctxv5-p035,v5-test-service-04,test,service_disable,legitimate_admin,expected_use,measured_actor_context,0.36035622414749613,0.9017658822260124,False
ctxv5-p035-r02,ctxv5-p035,v5-test-service-04,test,service_disable,attack_preparation,compromised,measured_actor_context,0.36035622414749613,0.9017658822260124,False
ctxv5-p038-r01,ctxv5-p038,v5-test-event-04,test,event_log_clear,legitimate_admin,expected_use,measured_actor_context,0.36035622414749613,0.9017658822260124,False
ctxv5-p038-r02,ctxv5-p038,v5-test-event-04,test,event_log_clear,attack_preparation,compromised,measured_actor_context,0.36035622414749613,0.9017658822260124,False
ctxv5-p044-r01,ctxv5-p044,v5-test-backup-06,test,backup_delete,legitimate_admin,expected_use,measured_actor_context,0.36035622414749613,0.9017658822260124,False
ctxv5-p044-r02,ctxv5-p044,v5-test-backup-06,test,backup_delete,attack_preparation,compromised,measured_actor_context,0.36035622414749613,0.9017658822260124,False
ctxv5-p047-r01,ctxv5-p047,v5-test-vss-02,test,shadow_copy_delete,legitimate_admin,expected_use,measured_actor_context,0.36035622414749613,0.9017658822260124,False
ctxv5-p047-r02,ctxv5-p047,v5-test-vss-02,test,shadow_copy_delete,attack_preparation,not_applicable,measured_actor_context,0.9017658822260124,0.9017658822260124,True
ctxv5-p050-r01,ctxv5-p050,v5-test-vss-05,test,shadow_copy_delete,legitimate_admin,expected_use,measured_actor_context,0.36035622414749613,0.9017658822260124,False
ctxv5-p050-r02,ctxv5-p050,v5-test-vss-05,test,shadow_copy_delete,attack_preparation,compromised,measured_actor_context,0.36035622414749613,0.9017658822260124,False
ctxv5-p052-r01,ctxv5-p052,v5-test-event-03,test,event_log_clear,legitimate_admin,expected_use,measured_actor_context,0.36035622414749613,0.9017658822260124,False
ctxv5-p052-r02,ctxv5-p052,v5-test-event-03,test,event_log_clear,attack_preparation,not_applicable,measured_actor_context,0.9017658822260124,0.9017658822260124,True
ctxv5-p062-r01,ctxv5-p062,v5-test-service-01,test,service_disable,legitimate_admin,expected_use,measured_actor_context,0.36035622414749613,0.9017658822260124,False
ctxv5-p062-r02,ctxv5-p062,v5-test-service-01,test,service_disable,attack_preparation,not_applicable,measured_actor_context,0.9017658822260124,0.9017658822260124,True
ctxv5-p067-r01,ctxv5-p067,v5-test-vss-04,test,shadow_copy_delete,legitimate_admin,expected_use,measured_actor_context,0.36035622414749613,0.9017658822260124,False
ctxv5-p067-r02,ctxv5-p067,v5-test-vss-04,test,shadow_copy_delete,attack_preparation,compromised,measured_actor_context,0.36035622414749613,0.9017658822260124,False
ctxv5-p068-r01,ctxv5-p068,v5-test-vss-03,test,shadow_copy_delete,legitimate_admin,expected_use,measured_actor_context,0.36035622414749613,0.9017658822260124,False
ctxv5-p068-r02,ctxv5-p068,v5-test-vss-03,test,shadow_copy_delete,attack_preparation,not_applicable,measured_actor_context,0.9017658822260124,0.9017658822260124,True
ctxv5-p069-r01,ctxv5-p069,v5-test-backup-01,test,backup_delete,legitimate_admin,expected_use,measured_actor_context,0.36035622414749613,0.9017658822260124,False
ctxv5-p069-r02,ctxv5-p069,v5-test-backup-01,test,backup_delete,attack_preparation,not_applicable,measured_actor_context,0.9017658822260124,0.9017658822260124,True
ctxv5-p070-r01,ctxv5-p070,v5-test-backup-05,test,backup_delete,legitimate_admin,expected_use,measured_actor_context,0.36035622414749613,0.9017658822260124,False
ctxv5-p070-r02,ctxv5-p070,v5-test-backup-05,test,backup_delete,attack_preparation,compromised,measured_actor_context,0.36035622414749613,0.9017658822260124,False
ctxv5-p008-r01,ctxv5-p008,v5-dev-backup-03,development,backup_delete,legitimate_admin,expected_use,measured_process_context,0.37265759407786014,0.8722271137626169,False
ctxv5-p008-r02,ctxv5-p008,v5-dev-backup-03,development,backup_delete,attack_preparation,not_applicable,measured_process_context,0.8722271137626169,0.8722271137626169,True
ctxv5-p009-r01,ctxv5-p009,v5-dev-event-05,development,event_log_clear,legitimate_admin,expected_use,measured_process_context,0.04863336783595025,0.8722271137626169,False
ctxv5-p009-r02,ctxv5-p009,v5-dev-event-05,development,event_log_clear,attack_preparation,compromised,measured_process_context,0.8857873741927504,0.8722271137626169,True
ctxv5-p010-r01,ctxv5-p010,v5-dev-backup-01,development,backup_delete,legitimate_admin,expected_use,measured_process_context,0.37265759407786014,0.8722271137626169,False
ctxv5-p010-r02,ctxv5-p010,v5-dev-backup-01,development,backup_delete,attack_preparation,not_applicable,measured_process_context,0.8722271137626169,0.8722271137626169,True
ctxv5-p012-r01,ctxv5-p012,v5-dev-event-01,development,event_log_clear,legitimate_admin,expected_use,measured_process_context,0.37265759407786014,0.8722271137626169,False
ctxv5-p012-r02,ctxv5-p012,v5-dev-event-01,development,event_log_clear,attack_preparation,not_applicable,measured_process_context,0.8722271137626169,0.8722271137626169,True
ctxv5-p013-r01,ctxv5-p013,v5-dev-event-02,development,event_log_clear,legitimate_admin,expected_use,measured_process_context,0.04863336783595025,0.8722271137626169,False
ctxv5-p013-r02,ctxv5-p013,v5-dev-event-02,development,event_log_clear,attack_preparation,not_applicable,measured_process_context,0.9889043342897106,0.8722271137626169,True
ctxv5-p014-r01,ctxv5-p014,v5-dev-service-06,development,service_disable,legitimate_admin,expected_use,measured_process_context,0.37265759407786014,0.8722271137626169,False
ctxv5-p014-r02,ctxv5-p014,v5-dev-service-06,development,service_disable,attack_preparation,compromised,measured_process_context,0.37265759407786014,0.8722271137626169,False
ctxv5-p021-r01,ctxv5-p021,v5-dev-event-03,development,event_log_clear,legitimate_admin,expected_use,measured_process_context,0.37265759407786014,0.8722271137626169,False
ctxv5-p021-r02,ctxv5-p021,v5-dev-event-03,development,event_log_clear,attack_preparation,not_applicable,measured_process_context,0.8722271137626169,0.8722271137626169,True
ctxv5-p023-r01,ctxv5-p023,v5-dev-service-04,development,service_disable,legitimate_admin,expected_use,measured_process_context,0.37265759407786014,0.8722271137626169,False
ctxv5-p023-r02,ctxv5-p023,v5-dev-service-04,development,service_disable,attack_preparation,compromised,measured_process_context,0.37265759407786014,0.8722271137626169,False
ctxv5-p025-r01,ctxv5-p025,v5-dev-service-05,development,service_disable,legitimate_admin,expected_use,measured_process_context,0.04863336783595025,0.8722271137626169,False
ctxv5-p025-r02,ctxv5-p025,v5-dev-service-05,development,service_disable,attack_preparation,compromised,measured_process_context,0.8857873741927504,0.8722271137626169,True
ctxv5-p029-r01,ctxv5-p029,v5-dev-backup-05,development,backup_delete,legitimate_admin,expected_use,measured_process_context,0.04863336783595025,0.8722271137626169,False
ctxv5-p029-r02,ctxv5-p029,v5-dev-backup-05,development,backup_delete,attack_preparation,compromised,measured_process_context,0.8857873741927504,0.8722271137626169,True
ctxv5-p030-r01,ctxv5-p030,v5-dev-event-06,development,event_log_clear,legitimate_admin,expected_use,measured_process_context,0.37265759407786014,0.8722271137626169,False
ctxv5-p030-r02,ctxv5-p030,v5-dev-event-06,development,event_log_clear,attack_preparation,compromised,measured_process_context,0.37265759407786014,0.8722271137626169,False
ctxv5-p034-r01,ctxv5-p034,v5-dev-vss-04,development,shadow_copy_delete,legitimate_admin,expected_use,measured_process_context,0.37265759407786014,0.8722271137626169,False
ctxv5-p034-r02,ctxv5-p034,v5-dev-vss-04,development,shadow_copy_delete,attack_preparation,compromised,measured_process_context,0.37265759407786014,0.8722271137626169,False
ctxv5-p036-r01,ctxv5-p036,v5-dev-service-01,development,service_disable,legitimate_admin,expected_use,measured_process_context,0.37265759407786014,0.8722271137626169,False
ctxv5-p036-r02,ctxv5-p036,v5-dev-service-01,development,service_disable,attack_preparation,not_applicable,measured_process_context,0.8722271137626169,0.8722271137626169,True
ctxv5-p041-r01,ctxv5-p041,v5-dev-vss-03,development,shadow_copy_delete,legitimate_admin,expected_use,measured_process_context,0.37265759407786014,0.8722271137626169,False
ctxv5-p041-r02,ctxv5-p041,v5-dev-vss-03,development,shadow_copy_delete,attack_preparation,not_applicable,measured_process_context,0.8722271137626169,0.8722271137626169,True
ctxv5-p045-r01,ctxv5-p045,v5-dev-backup-06,development,backup_delete,legitimate_admin,expected_use,measured_process_context,0.37265759407786014,0.8722271137626169,False
ctxv5-p045-r02,ctxv5-p045,v5-dev-backup-06,development,backup_delete,attack_preparation,compromised,measured_process_context,0.37265759407786014,0.8722271137626169,False
ctxv5-p049-r01,ctxv5-p049,v5-dev-vss-06,development,shadow_copy_delete,legitimate_admin,expected_use,measured_process_context,0.37265759407786014,0.8722271137626169,False
ctxv5-p049-r02,ctxv5-p049,v5-dev-vss-06,development,shadow_copy_delete,attack_preparation,compromised,measured_process_context,0.37265759407786014,0.8722271137626169,False
ctxv5-p053-r01,ctxv5-p053,v5-dev-service-03,development,service_disable,legitimate_admin,expected_use,measured_process_context,0.37265759407786014,0.8722271137626169,False
ctxv5-p053-r02,ctxv5-p053,v5-dev-service-03,development,service_disable,attack_preparation,not_applicable,measured_process_context,0.8722271137626169,0.8722271137626169,True
ctxv5-p057-r01,ctxv5-p057,v5-dev-backup-04,development,backup_delete,legitimate_admin,expected_use,measured_process_context,0.37265759407786014,0.8722271137626169,False
ctxv5-p057-r02,ctxv5-p057,v5-dev-backup-04,development,backup_delete,attack_preparation,compromised,measured_process_context,0.37265759407786014,0.8722271137626169,False
ctxv5-p059-r01,ctxv5-p059,v5-dev-service-02,development,service_disable,legitimate_admin,expected_use,measured_process_context,0.04863336783595025,0.8722271137626169,False
ctxv5-p059-r02,ctxv5-p059,v5-dev-service-02,development,service_disable,attack_preparation,not_applicable,measured_process_context,0.9889043342897106,0.8722271137626169,True
ctxv5-p060-r01,ctxv5-p060,v5-dev-vss-01,development,shadow_copy_delete,legitimate_admin,expected_use,measured_process_context,0.37265759407786014,0.8722271137626169,False
ctxv5-p060-r02,ctxv5-p060,v5-dev-vss-01,development,shadow_copy_delete,attack_preparation,not_applicable,measured_process_context,0.8722271137626169,0.8722271137626169,True
ctxv5-p061-r01,ctxv5-p061,v5-dev-event-04,development,event_log_clear,legitimate_admin,expected_use,measured_process_context,0.37265759407786014,0.8722271137626169,False
ctxv5-p061-r02,ctxv5-p061,v5-dev-event-04,development,event_log_clear,attack_preparation,compromised,measured_process_context,0.37265759407786014,0.8722271137626169,False
ctxv5-p065-r01,ctxv5-p065,v5-dev-vss-05,development,shadow_copy_delete,legitimate_admin,expected_use,measured_process_context,0.04863336783595025,0.8722271137626169,False
ctxv5-p065-r02,ctxv5-p065,v5-dev-vss-05,development,shadow_copy_delete,attack_preparation,compromised,measured_process_context,0.8857873741927504,0.8722271137626169,True
ctxv5-p066-r01,ctxv5-p066,v5-dev-backup-02,development,backup_delete,legitimate_admin,expected_use,measured_process_context,0.04863336783595025,0.8722271137626169,False
ctxv5-p066-r02,ctxv5-p066,v5-dev-backup-02,development,backup_delete,attack_preparation,not_applicable,measured_process_context,0.9889043342897106,0.8722271137626169,True
ctxv5-p071-r01,ctxv5-p071,v5-dev-vss-02,development,shadow_copy_delete,legitimate_admin,expected_use,measured_process_context,0.04863336783595025,0.8722271137626169,False
ctxv5-p071-r02,ctxv5-p071,v5-dev-vss-02,development,shadow_copy_delete,attack_preparation,not_applicable,measured_process_context,0.9889043342897106,0.8722271137626169,True
ctxv5-p001-r01,ctxv5-p001,v5-val-vss-05,validation,shadow_copy_delete,legitimate_admin,expected_use,measured_process_context,0.04863336783595025,0.8722271137626169,False
ctxv5-p001-r02,ctxv5-p001,v5-val-vss-05,validation,shadow_copy_delete,attack_preparation,compromised,measured_process_context,0.8857873741927504,0.8722271137626169,True
ctxv5-p004-r01,ctxv5-p004,v5-val-vss-02,validation,shadow_copy_delete,legitimate_admin,expected_use,measured_process_context,0.04863336783595025,0.8722271137626169,False
ctxv5-p004-r02,ctxv5-p004,v5-val-vss-02,validation,shadow_copy_delete,attack_preparation,not_applicable,measured_process_context,0.9889043342897106,0.8722271137626169,True
ctxv5-p005-r01,ctxv5-p005,v5-val-vss-04,validation,shadow_copy_delete,legitimate_admin,expected_use,measured_process_context,0.37265759407786014,0.8722271137626169,False
ctxv5-p005-r02,ctxv5-p005,v5-val-vss-04,validation,shadow_copy_delete,attack_preparation,compromised,measured_process_context,0.37265759407786014,0.8722271137626169,False
ctxv5-p007-r01,ctxv5-p007,v5-val-event-01,validation,event_log_clear,legitimate_admin,expected_use,measured_process_context,0.37265759407786014,0.8722271137626169,False
ctxv5-p007-r02,ctxv5-p007,v5-val-event-01,validation,event_log_clear,attack_preparation,not_applicable,measured_process_context,0.8722271137626169,0.8722271137626169,True
ctxv5-p011-r01,ctxv5-p011,v5-val-vss-01,validation,shadow_copy_delete,legitimate_admin,expected_use,measured_process_context,0.37265759407786014,0.8722271137626169,False
ctxv5-p011-r02,ctxv5-p011,v5-val-vss-01,validation,shadow_copy_delete,attack_preparation,not_applicable,measured_process_context,0.8722271137626169,0.8722271137626169,True
ctxv5-p015-r01,ctxv5-p015,v5-val-backup-01,validation,backup_delete,legitimate_admin,expected_use,measured_process_context,0.37265759407786014,0.8722271137626169,False
ctxv5-p015-r02,ctxv5-p015,v5-val-backup-01,validation,backup_delete,attack_preparation,not_applicable,measured_process_context,0.8722271137626169,0.8722271137626169,True
ctxv5-p020-r01,ctxv5-p020,v5-val-event-04,validation,event_log_clear,legitimate_admin,expected_use,measured_process_context,0.37265759407786014,0.8722271137626169,False
ctxv5-p020-r02,ctxv5-p020,v5-val-event-04,validation,event_log_clear,attack_preparation,compromised,measured_process_context,0.37265759407786014,0.8722271137626169,False
ctxv5-p028-r01,ctxv5-p028,v5-val-backup-05,validation,backup_delete,legitimate_admin,expected_use,measured_process_context,0.04863336783595025,0.8722271137626169,False
ctxv5-p028-r02,ctxv5-p028,v5-val-backup-05,validation,backup_delete,attack_preparation,compromised,measured_process_context,0.8857873741927504,0.8722271137626169,True
ctxv5-p033-r01,ctxv5-p033,v5-val-service-04,validation,service_disable,legitimate_admin,expected_use,measured_process_context,0.37265759407786014,0.8722271137626169,False
ctxv5-p033-r02,ctxv5-p033,v5-val-service-04,validation,service_disable,attack_preparation,compromised,measured_process_context,0.37265759407786014,0.8722271137626169,False
ctxv5-p037-r01,ctxv5-p037,v5-val-backup-04,validation,backup_delete,legitimate_admin,expected_use,measured_process_context,0.37265759407786014,0.8722271137626169,False
ctxv5-p037-r02,ctxv5-p037,v5-val-backup-04,validation,backup_delete,attack_preparation,compromised,measured_process_context,0.37265759407786014,0.8722271137626169,False
ctxv5-p039-r01,ctxv5-p039,v5-val-event-05,validation,event_log_clear,legitimate_admin,expected_use,measured_process_context,0.04863336783595025,0.8722271137626169,False
ctxv5-p039-r02,ctxv5-p039,v5-val-event-05,validation,event_log_clear,attack_preparation,compromised,measured_process_context,0.8857873741927504,0.8722271137626169,True
ctxv5-p040-r01,ctxv5-p040,v5-val-backup-03,validation,backup_delete,legitimate_admin,expected_use,measured_process_context,0.37265759407786014,0.8722271137626169,False
ctxv5-p040-r02,ctxv5-p040,v5-val-backup-03,validation,backup_delete,attack_preparation,not_applicable,measured_process_context,0.8722271137626169,0.8722271137626169,True
ctxv5-p042-r01,ctxv5-p042,v5-val-backup-06,validation,backup_delete,legitimate_admin,expected_use,measured_process_context,0.37265759407786014,0.8722271137626169,False
ctxv5-p042-r02,ctxv5-p042,v5-val-backup-06,validation,backup_delete,attack_preparation,compromised,measured_process_context,0.37265759407786014,0.8722271137626169,False
ctxv5-p043-r01,ctxv5-p043,v5-val-backup-02,validation,backup_delete,legitimate_admin,expected_use,measured_process_context,0.04863336783595025,0.8722271137626169,False
ctxv5-p043-r02,ctxv5-p043,v5-val-backup-02,validation,backup_delete,attack_preparation,not_applicable,measured_process_context,0.9889043342897106,0.8722271137626169,True
ctxv5-p046-r01,ctxv5-p046,v5-val-vss-06,validation,shadow_copy_delete,legitimate_admin,expected_use,measured_process_context,0.37265759407786014,0.8722271137626169,False
ctxv5-p046-r02,ctxv5-p046,v5-val-vss-06,validation,shadow_copy_delete,attack_preparation,compromised,measured_process_context,0.37265759407786014,0.8722271137626169,False
ctxv5-p048-r01,ctxv5-p048,v5-val-vss-03,validation,shadow_copy_delete,legitimate_admin,expected_use,measured_process_context,0.37265759407786014,0.8722271137626169,False
ctxv5-p048-r02,ctxv5-p048,v5-val-vss-03,validation,shadow_copy_delete,attack_preparation,not_applicable,measured_process_context,0.8722271137626169,0.8722271137626169,True
ctxv5-p051-r01,ctxv5-p051,v5-val-service-03,validation,service_disable,legitimate_admin,expected_use,measured_process_context,0.37265759407786014,0.8722271137626169,False
ctxv5-p051-r02,ctxv5-p051,v5-val-service-03,validation,service_disable,attack_preparation,not_applicable,measured_process_context,0.8722271137626169,0.8722271137626169,True
ctxv5-p054-r01,ctxv5-p054,v5-val-service-06,validation,service_disable,legitimate_admin,expected_use,measured_process_context,0.37265759407786014,0.8722271137626169,False
ctxv5-p054-r02,ctxv5-p054,v5-val-service-06,validation,service_disable,attack_preparation,compromised,measured_process_context,0.37265759407786014,0.8722271137626169,False
ctxv5-p055-r01,ctxv5-p055,v5-val-service-02,validation,service_disable,legitimate_admin,expected_use,measured_process_context,0.04863336783595025,0.8722271137626169,False
ctxv5-p055-r02,ctxv5-p055,v5-val-service-02,validation,service_disable,attack_preparation,not_applicable,measured_process_context,0.9889043342897106,0.8722271137626169,True
ctxv5-p056-r01,ctxv5-p056,v5-val-event-03,validation,event_log_clear,legitimate_admin,expected_use,measured_process_context,0.37265759407786014,0.8722271137626169,False
ctxv5-p056-r02,ctxv5-p056,v5-val-event-03,validation,event_log_clear,attack_preparation,not_applicable,measured_process_context,0.8722271137626169,0.8722271137626169,True
ctxv5-p058-r01,ctxv5-p058,v5-val-event-02,validation,event_log_clear,legitimate_admin,expected_use,measured_process_context,0.04863336783595025,0.8722271137626169,False
ctxv5-p058-r02,ctxv5-p058,v5-val-event-02,validation,event_log_clear,attack_preparation,not_applicable,measured_process_context,0.9889043342897106,0.8722271137626169,True
ctxv5-p063-r01,ctxv5-p063,v5-val-service-01,validation,service_disable,legitimate_admin,expected_use,measured_process_context,0.37265759407786014,0.8722271137626169,False
ctxv5-p063-r02,ctxv5-p063,v5-val-service-01,validation,service_disable,attack_preparation,not_applicable,measured_process_context,0.8722271137626169,0.8722271137626169,True
ctxv5-p064-r01,ctxv5-p064,v5-val-event-06,validation,event_log_clear,legitimate_admin,expected_use,measured_process_context,0.37265759407786014,0.8722271137626169,False
ctxv5-p064-r02,ctxv5-p064,v5-val-event-06,validation,event_log_clear,attack_preparation,compromised,measured_process_context,0.37265759407786014,0.8722271137626169,False
ctxv5-p072-r01,ctxv5-p072,v5-val-service-05,validation,service_disable,legitimate_admin,expected_use,measured_process_context,0.04863336783595025,0.8722271137626169,False
ctxv5-p072-r02,ctxv5-p072,v5-val-service-05,validation,service_disable,attack_preparation,compromised,measured_process_context,0.8857873741927504,0.8722271137626169,True
ctxv5-p002-r01,ctxv5-p002,v5-test-backup-02,test,backup_delete,legitimate_admin,expected_use,measured_process_context,0.04863336783595025,0.8722271137626169,False
ctxv5-p002-r02,ctxv5-p002,v5-test-backup-02,test,backup_delete,attack_preparation,not_applicable,measured_process_context,0.9889043342897106,0.8722271137626169,True
ctxv5-p003-r01,ctxv5-p003,v5-test-service-02,test,service_disable,legitimate_admin,expected_use,measured_process_context,0.04863336783595025,0.8722271137626169,False
ctxv5-p003-r02,ctxv5-p003,v5-test-service-02,test,service_disable,attack_preparation,not_applicable,measured_process_context,0.9889043342897106,0.8722271137626169,True
ctxv5-p006-r01,ctxv5-p006,v5-test-service-05,test,service_disable,legitimate_admin,expected_use,measured_process_context,0.04863336783595025,0.8722271137626169,False
ctxv5-p006-r02,ctxv5-p006,v5-test-service-05,test,service_disable,attack_preparation,compromised,measured_process_context,0.8857873741927504,0.8722271137626169,True
ctxv5-p016-r01,ctxv5-p016,v5-test-event-01,test,event_log_clear,legitimate_admin,expected_use,measured_process_context,0.37265759407786014,0.8722271137626169,False
ctxv5-p016-r02,ctxv5-p016,v5-test-event-01,test,event_log_clear,attack_preparation,not_applicable,measured_process_context,0.8722271137626169,0.8722271137626169,True
ctxv5-p017-r01,ctxv5-p017,v5-test-backup-03,test,backup_delete,legitimate_admin,expected_use,measured_process_context,0.37265759407786014,0.8722271137626169,False
ctxv5-p017-r02,ctxv5-p017,v5-test-backup-03,test,backup_delete,attack_preparation,not_applicable,measured_process_context,0.8722271137626169,0.8722271137626169,True
ctxv5-p018-r01,ctxv5-p018,v5-test-service-06,test,service_disable,legitimate_admin,expected_use,measured_process_context,0.37265759407786014,0.8722271137626169,False
ctxv5-p018-r02,ctxv5-p018,v5-test-service-06,test,service_disable,attack_preparation,compromised,measured_process_context,0.37265759407786014,0.8722271137626169,False
ctxv5-p019-r01,ctxv5-p019,v5-test-vss-06,test,shadow_copy_delete,legitimate_admin,expected_use,measured_process_context,0.37265759407786014,0.8722271137626169,False
ctxv5-p019-r02,ctxv5-p019,v5-test-vss-06,test,shadow_copy_delete,attack_preparation,compromised,measured_process_context,0.37265759407786014,0.8722271137626169,False
ctxv5-p022-r01,ctxv5-p022,v5-test-service-03,test,service_disable,legitimate_admin,expected_use,measured_process_context,0.37265759407786014,0.8722271137626169,False
ctxv5-p022-r02,ctxv5-p022,v5-test-service-03,test,service_disable,attack_preparation,not_applicable,measured_process_context,0.8722271137626169,0.8722271137626169,True
ctxv5-p024-r01,ctxv5-p024,v5-test-vss-01,test,shadow_copy_delete,legitimate_admin,expected_use,measured_process_context,0.37265759407786014,0.8722271137626169,False
ctxv5-p024-r02,ctxv5-p024,v5-test-vss-01,test,shadow_copy_delete,attack_preparation,not_applicable,measured_process_context,0.8722271137626169,0.8722271137626169,True
ctxv5-p026-r01,ctxv5-p026,v5-test-backup-04,test,backup_delete,legitimate_admin,expected_use,measured_process_context,0.37265759407786014,0.8722271137626169,False
ctxv5-p026-r02,ctxv5-p026,v5-test-backup-04,test,backup_delete,attack_preparation,compromised,measured_process_context,0.37265759407786014,0.8722271137626169,False
ctxv5-p027-r01,ctxv5-p027,v5-test-event-06,test,event_log_clear,legitimate_admin,expected_use,measured_process_context,0.37265759407786014,0.8722271137626169,False
ctxv5-p027-r02,ctxv5-p027,v5-test-event-06,test,event_log_clear,attack_preparation,compromised,measured_process_context,0.37265759407786014,0.8722271137626169,False
ctxv5-p031-r01,ctxv5-p031,v5-test-event-05,test,event_log_clear,legitimate_admin,expected_use,measured_process_context,0.04863336783595025,0.8722271137626169,False
ctxv5-p031-r02,ctxv5-p031,v5-test-event-05,test,event_log_clear,attack_preparation,compromised,measured_process_context,0.8857873741927504,0.8722271137626169,True
ctxv5-p032-r01,ctxv5-p032,v5-test-event-02,test,event_log_clear,legitimate_admin,expected_use,measured_process_context,0.04863336783595025,0.8722271137626169,False
ctxv5-p032-r02,ctxv5-p032,v5-test-event-02,test,event_log_clear,attack_preparation,not_applicable,measured_process_context,0.9889043342897106,0.8722271137626169,True
ctxv5-p035-r01,ctxv5-p035,v5-test-service-04,test,service_disable,legitimate_admin,expected_use,measured_process_context,0.37265759407786014,0.8722271137626169,False
ctxv5-p035-r02,ctxv5-p035,v5-test-service-04,test,service_disable,attack_preparation,compromised,measured_process_context,0.37265759407786014,0.8722271137626169,False
ctxv5-p038-r01,ctxv5-p038,v5-test-event-04,test,event_log_clear,legitimate_admin,expected_use,measured_process_context,0.37265759407786014,0.8722271137626169,False
ctxv5-p038-r02,ctxv5-p038,v5-test-event-04,test,event_log_clear,attack_preparation,compromised,measured_process_context,0.37265759407786014,0.8722271137626169,False
ctxv5-p044-r01,ctxv5-p044,v5-test-backup-06,test,backup_delete,legitimate_admin,expected_use,measured_process_context,0.37265759407786014,0.8722271137626169,False
ctxv5-p044-r02,ctxv5-p044,v5-test-backup-06,test,backup_delete,attack_preparation,compromised,measured_process_context,0.37265759407786014,0.8722271137626169,False
ctxv5-p047-r01,ctxv5-p047,v5-test-vss-02,test,shadow_copy_delete,legitimate_admin,expected_use,measured_process_context,0.04863336783595025,0.8722271137626169,False
ctxv5-p047-r02,ctxv5-p047,v5-test-vss-02,test,shadow_copy_delete,attack_preparation,not_applicable,measured_process_context,0.9889043342897106,0.8722271137626169,True
ctxv5-p050-r01,ctxv5-p050,v5-test-vss-05,test,shadow_copy_delete,legitimate_admin,expected_use,measured_process_context,0.04863336783595025,0.8722271137626169,False
ctxv5-p050-r02,ctxv5-p050,v5-test-vss-05,test,shadow_copy_delete,attack_preparation,compromised,measured_process_context,0.8857873741927504,0.8722271137626169,True
ctxv5-p052-r01,ctxv5-p052,v5-test-event-03,test,event_log_clear,legitimate_admin,expected_use,measured_process_context,0.37265759407786014,0.8722271137626169,False
ctxv5-p052-r02,ctxv5-p052,v5-test-event-03,test,event_log_clear,attack_preparation,not_applicable,measured_process_context,0.8722271137626169,0.8722271137626169,True
ctxv5-p062-r01,ctxv5-p062,v5-test-service-01,test,service_disable,legitimate_admin,expected_use,measured_process_context,0.37265759407786014,0.8722271137626169,False
ctxv5-p062-r02,ctxv5-p062,v5-test-service-01,test,service_disable,attack_preparation,not_applicable,measured_process_context,0.8722271137626169,0.8722271137626169,True
ctxv5-p067-r01,ctxv5-p067,v5-test-vss-04,test,shadow_copy_delete,legitimate_admin,expected_use,measured_process_context,0.37265759407786014,0.8722271137626169,False
ctxv5-p067-r02,ctxv5-p067,v5-test-vss-04,test,shadow_copy_delete,attack_preparation,compromised,measured_process_context,0.37265759407786014,0.8722271137626169,False
ctxv5-p068-r01,ctxv5-p068,v5-test-vss-03,test,shadow_copy_delete,legitimate_admin,expected_use,measured_process_context,0.37265759407786014,0.8722271137626169,False
ctxv5-p068-r02,ctxv5-p068,v5-test-vss-03,test,shadow_copy_delete,attack_preparation,not_applicable,measured_process_context,0.8722271137626169,0.8722271137626169,True
ctxv5-p069-r01,ctxv5-p069,v5-test-backup-01,test,backup_delete,legitimate_admin,expected_use,measured_process_context,0.37265759407786014,0.8722271137626169,False
ctxv5-p069-r02,ctxv5-p069,v5-test-backup-01,test,backup_delete,attack_preparation,not_applicable,measured_process_context,0.8722271137626169,0.8722271137626169,True
ctxv5-p070-r01,ctxv5-p070,v5-test-backup-05,test,backup_delete,legitimate_admin,expected_use,measured_process_context,0.04863336783595025,0.8722271137626169,False
ctxv5-p070-r02,ctxv5-p070,v5-test-backup-05,test,backup_delete,attack_preparation,compromised,measured_process_context,0.8857873741927504,0.8722271137626169,True
ctxv5-p008-r01,ctxv5-p008,v5-dev-backup-03,development,backup_delete,legitimate_admin,expected_use,timing_proxy_sensitivity,0.370657528516279,0.3919227783411211,False
ctxv5-p008-r02,ctxv5-p008,v5-dev-backup-03,development,backup_delete,attack_preparation,not_applicable,timing_proxy_sensitivity,0.8712223802974135,0.3919227783411211,True
ctxv5-p009-r01,ctxv5-p009,v5-dev-event-05,development,event_log_clear,legitimate_admin,expected_use,timing_proxy_sensitivity,0.04747454981711701,0.3919227783411211,False
ctxv5-p009-r02,ctxv5-p009,v5-dev-event-05,development,event_log_clear,attack_preparation,compromised,timing_proxy_sensitivity,0.8962374512732486,0.3919227783411211,True
ctxv5-p010-r01,ctxv5-p010,v5-dev-backup-01,development,backup_delete,legitimate_admin,expected_use,timing_proxy_sensitivity,0.3632270097774971,0.3919227783411211,False
ctxv5-p010-r02,ctxv5-p010,v5-dev-backup-01,development,backup_delete,attack_preparation,not_applicable,timing_proxy_sensitivity,0.8824995706341596,0.3919227783411211,True
ctxv5-p012-r01,ctxv5-p012,v5-dev-event-01,development,event_log_clear,legitimate_admin,expected_use,timing_proxy_sensitivity,0.36120170368839555,0.3919227783411211,False
ctxv5-p012-r02,ctxv5-p012,v5-dev-event-01,development,event_log_clear,attack_preparation,not_applicable,timing_proxy_sensitivity,0.8822943005117488,0.3919227783411211,True
ctxv5-p013-r01,ctxv5-p013,v5-dev-event-02,development,event_log_clear,legitimate_admin,expected_use,timing_proxy_sensitivity,0.04731973993034325,0.3919227783411211,False
ctxv5-p013-r02,ctxv5-p013,v5-dev-event-02,development,event_log_clear,attack_preparation,not_applicable,timing_proxy_sensitivity,0.9896088987281069,0.3919227783411211,True
ctxv5-p014-r01,ctxv5-p014,v5-dev-service-06,development,service_disable,legitimate_admin,expected_use,timing_proxy_sensitivity,0.36675843582932943,0.3919227783411211,False
ctxv5-p014-r02,ctxv5-p014,v5-dev-service-06,development,service_disable,attack_preparation,compromised,timing_proxy_sensitivity,0.38436024967073307,0.3919227783411211,False
ctxv5-p021-r01,ctxv5-p021,v5-dev-event-03,development,event_log_clear,legitimate_admin,expected_use,timing_proxy_sensitivity,0.38301553548196565,0.3919227783411211,False
ctxv5-p021-r02,ctxv5-p021,v5-dev-event-03,development,event_log_clear,attack_preparation,not_applicable,timing_proxy_sensitivity,0.8698461305789353,0.3919227783411211,True
ctxv5-p023-r01,ctxv5-p023,v5-dev-service-04,development,service_disable,legitimate_admin,expected_use,timing_proxy_sensitivity,0.36409288077837076,0.3919227783411211,False
ctxv5-p023-r02,ctxv5-p023,v5-dev-service-04,development,service_disable,attack_preparation,compromised,timing_proxy_sensitivity,0.3633014171634372,0.3919227783411211,False
ctxv5-p025-r01,ctxv5-p025,v5-dev-service-05,development,service_disable,legitimate_admin,expected_use,timing_proxy_sensitivity,0.04757771514792356,0.3919227783411211,False
ctxv5-p025-r02,ctxv5-p025,v5-dev-service-05,development,service_disable,attack_preparation,compromised,timing_proxy_sensitivity,0.8935629429424938,0.3919227783411211,True
ctxv5-p029-r01,ctxv5-p029,v5-dev-backup-05,development,backup_delete,legitimate_admin,expected_use,timing_proxy_sensitivity,0.046796289781005265,0.3919227783411211,False
ctxv5-p029-r02,ctxv5-p029,v5-dev-backup-05,development,backup_delete,attack_preparation,compromised,timing_proxy_sensitivity,0.8957844796256672,0.3919227783411211,True
ctxv5-p030-r01,ctxv5-p030,v5-dev-event-06,development,event_log_clear,legitimate_admin,expected_use,timing_proxy_sensitivity,0.3797949526305361,0.3919227783411211,False
ctxv5-p030-r02,ctxv5-p030,v5-dev-event-06,development,event_log_clear,attack_preparation,compromised,timing_proxy_sensitivity,0.38059603036266326,0.3919227783411211,False
ctxv5-p034-r01,ctxv5-p034,v5-dev-vss-04,development,shadow_copy_delete,legitimate_admin,expected_use,timing_proxy_sensitivity,0.36141640562519645,0.3919227783411211,False
ctxv5-p034-r02,ctxv5-p034,v5-dev-vss-04,development,shadow_copy_delete,attack_preparation,compromised,timing_proxy_sensitivity,0.36062927308762893,0.3919227783411211,False
ctxv5-p036-r01,ctxv5-p036,v5-dev-service-01,development,service_disable,legitimate_admin,expected_use,timing_proxy_sensitivity,0.36409490295343677,0.3919227783411211,False
ctxv5-p036-r02,ctxv5-p036,v5-dev-service-01,development,service_disable,attack_preparation,not_applicable,timing_proxy_sensitivity,0.8832196951091907,0.3919227783411211,True
ctxv5-p041-r01,ctxv5-p041,v5-dev-vss-03,development,shadow_copy_delete,legitimate_admin,expected_use,timing_proxy_sensitivity,0.3808183227243402,0.3919227783411211,False
ctxv5-p041-r02,ctxv5-p041,v5-dev-vss-03,development,shadow_copy_delete,attack_preparation,not_applicable,timing_proxy_sensitivity,0.8714894069607333,0.3919227783411211,True
ctxv5-p045-r01,ctxv5-p045,v5-dev-backup-06,development,backup_delete,legitimate_admin,expected_use,timing_proxy_sensitivity,0.3826761328096502,0.3919227783411211,False
ctxv5-p045-r02,ctxv5-p045,v5-dev-backup-06,development,backup_delete,attack_preparation,compromised,timing_proxy_sensitivity,0.36906886140803924,0.3919227783411211,False
ctxv5-p049-r01,ctxv5-p049,v5-dev-vss-06,development,shadow_copy_delete,legitimate_admin,expected_use,timing_proxy_sensitivity,0.34997466820797324,0.3919227783411211,False
ctxv5-p049-r02,ctxv5-p049,v5-dev-vss-06,development,shadow_copy_delete,attack_preparation,compromised,timing_proxy_sensitivity,0.4284165617860313,0.3919227783411211,True
ctxv5-p053-r01,ctxv5-p053,v5-dev-service-03,development,service_disable,legitimate_admin,expected_use,timing_proxy_sensitivity,0.36833945841850574,0.3919227783411211,False
ctxv5-p053-r02,ctxv5-p053,v5-dev-service-03,development,service_disable,attack_preparation,not_applicable,timing_proxy_sensitivity,0.8669880548249129,0.3919227783411211,True
ctxv5-p057-r01,ctxv5-p057,v5-dev-backup-04,development,backup_delete,legitimate_admin,expected_use,timing_proxy_sensitivity,0.3640227512721222,0.3919227783411211,False
ctxv5-p057-r02,ctxv5-p057,v5-dev-backup-04,development,backup_delete,attack_preparation,compromised,timing_proxy_sensitivity,0.3632332216401685,0.3919227783411211,False
ctxv5-p059-r01,ctxv5-p059,v5-dev-service-02,development,service_disable,legitimate_admin,expected_use,timing_proxy_sensitivity,0.04819926039776695,0.3919227783411211,False
ctxv5-p059-r02,ctxv5-p059,v5-dev-service-02,development,service_disable,attack_preparation,not_applicable,timing_proxy_sensitivity,0.9896672210175348,0.3919227783411211,True
ctxv5-p060-r01,ctxv5-p060,v5-dev-vss-01,development,shadow_copy_delete,legitimate_admin,expected_use,timing_proxy_sensitivity,0.3598436433133821,0.3919227783411211,False
ctxv5-p060-r02,ctxv5-p060,v5-dev-vss-01,development,shadow_copy_delete,attack_preparation,not_applicable,timing_proxy_sensitivity,0.8798895298021304,0.3919227783411211,True
ctxv5-p061-r01,ctxv5-p061,v5-dev-event-04,development,event_log_clear,legitimate_admin,expected_use,timing_proxy_sensitivity,0.3604153285032989,0.3919227783411211,False
ctxv5-p061-r02,ctxv5-p061,v5-dev-event-04,development,event_log_clear,attack_preparation,compromised,timing_proxy_sensitivity,0.36041563050194775,0.3919227783411211,False
ctxv5-p065-r01,ctxv5-p065,v5-dev-vss-05,development,shadow_copy_delete,legitimate_admin,expected_use,timing_proxy_sensitivity,0.04644725978456511,0.3919227783411211,False
ctxv5-p065-r02,ctxv5-p065,v5-dev-vss-05,development,shadow_copy_delete,attack_preparation,compromised,timing_proxy_sensitivity,0.8918001330459964,0.3919227783411211,True
ctxv5-p066-r01,ctxv5-p066,v5-dev-backup-02,development,backup_delete,legitimate_admin,expected_use,timing_proxy_sensitivity,0.046192246887044576,0.3919227783411211,False
ctxv5-p066-r02,ctxv5-p066,v5-dev-backup-02,development,backup_delete,attack_preparation,not_applicable,timing_proxy_sensitivity,0.9898715255236776,0.3919227783411211,True
ctxv5-p071-r01,ctxv5-p071,v5-dev-vss-02,development,shadow_copy_delete,legitimate_admin,expected_use,timing_proxy_sensitivity,0.0476713189285172,0.3919227783411211,False
ctxv5-p071-r02,ctxv5-p071,v5-dev-vss-02,development,shadow_copy_delete,attack_preparation,not_applicable,timing_proxy_sensitivity,0.9898609635721402,0.3919227783411211,True
ctxv5-p001-r01,ctxv5-p001,v5-val-vss-05,validation,shadow_copy_delete,legitimate_admin,expected_use,timing_proxy_sensitivity,0.046447211431169796,0.3919227783411211,False
ctxv5-p001-r02,ctxv5-p001,v5-val-vss-05,validation,shadow_copy_delete,attack_preparation,compromised,timing_proxy_sensitivity,0.8950479569262498,0.3919227783411211,True
ctxv5-p004-r01,ctxv5-p004,v5-val-vss-02,validation,shadow_copy_delete,legitimate_admin,expected_use,timing_proxy_sensitivity,0.046447192089825076,0.3919227783411211,False
ctxv5-p004-r02,ctxv5-p004,v5-val-vss-02,validation,shadow_copy_delete,attack_preparation,not_applicable,timing_proxy_sensitivity,0.9901980326187093,0.3919227783411211,True
ctxv5-p005-r01,ctxv5-p005,v5-val-vss-04,validation,shadow_copy_delete,legitimate_admin,expected_use,timing_proxy_sensitivity,0.36062700751487003,0.3919227783411211,False
ctxv5-p005-r02,ctxv5-p005,v5-val-vss-04,validation,shadow_copy_delete,attack_preparation,compromised,timing_proxy_sensitivity,0.3606292227415003,0.3919227783411211,False
ctxv5-p007-r01,ctxv5-p007,v5-val-event-01,validation,event_log_clear,legitimate_admin,expected_use,timing_proxy_sensitivity,0.3612005953093653,0.3919227783411211,False
ctxv5-p007-r02,ctxv5-p007,v5-val-event-01,validation,event_log_clear,attack_preparation,not_applicable,timing_proxy_sensitivity,0.88193902800114,0.3919227783411211,True
ctxv5-p011-r01,ctxv5-p011,v5-val-vss-01,validation,shadow_copy_delete,legitimate_admin,expected_use,timing_proxy_sensitivity,0.3598423858598532,0.3919227783411211,False
ctxv5-p011-r02,ctxv5-p011,v5-val-vss-01,validation,shadow_copy_delete,attack_preparation,not_applicable,timing_proxy_sensitivity,0.8802515132749152,0.3919227783411211,True
ctxv5-p015-r01,ctxv5-p015,v5-val-backup-01,validation,backup_delete,legitimate_admin,expected_use,timing_proxy_sensitivity,0.36244513489678304,0.3919227783411211,False
ctxv5-p015-r02,ctxv5-p015,v5-val-backup-01,validation,backup_delete,attack_preparation,not_applicable,timing_proxy_sensitivity,0.8821442220093473,0.3919227783411211,True
ctxv5-p020-r01,ctxv5-p020,v5-val-event-04,validation,event_log_clear,legitimate_admin,expected_use,timing_proxy_sensitivity,0.36120150216482555,0.3919227783411211,False
ctxv5-p020-r02,ctxv5-p020,v5-val-event-04,validation,event_log_clear,attack_preparation,compromised,timing_proxy_sensitivity,0.361202610545065,0.3919227783411211,False
ctxv5-p028-r01,ctxv5-p028,v5-val-backup-05,validation,backup_delete,legitimate_admin,expected_use,timing_proxy_sensitivity,0.04619193904289295,0.3919227783411211,False
ctxv5-p028-r02,ctxv5-p028,v5-val-backup-05,validation,backup_delete,attack_preparation,compromised,timing_proxy_sensitivity,0.8973672834229346,0.3919227783411211,True
ctxv5-p033-r01,ctxv5-p033,v5-val-service-04,validation,service_disable,legitimate_admin,expected_use,timing_proxy_sensitivity,0.3633041445569616,0.3919227783411211,False
ctxv5-p033-r02,ctxv5-p033,v5-val-service-04,validation,service_disable,attack_preparation,compromised,timing_proxy_sensitivity,0.3633037404981069,0.3919227783411211,False
ctxv5-p037-r01,ctxv5-p037,v5-val-backup-04,validation,backup_delete,legitimate_admin,expected_use,timing_proxy_sensitivity,0.36323271660897877,0.3919227783411211,False
ctxv5-p037-r02,ctxv5-p037,v5-val-backup-04,validation,backup_delete,attack_preparation,compromised,timing_proxy_sensitivity,0.3640241161273566,0.3919227783411211,False
ctxv5-p039-r01,ctxv5-p039,v5-val-event-05,validation,event_log_clear,legitimate_admin,expected_use,timing_proxy_sensitivity,0.0462556348675609,0.3919227783411211,False
ctxv5-p039-r02,ctxv5-p039,v5-val-event-05,validation,event_log_clear,attack_preparation,compromised,timing_proxy_sensitivity,0.897811596064285,0.3919227783411211,True
ctxv5-p040-r01,ctxv5-p040,v5-val-backup-03,validation,backup_delete,legitimate_admin,expected_use,timing_proxy_sensitivity,0.37384861121269475,0.3919227783411211,False
ctxv5-p040-r02,ctxv5-p040,v5-val-backup-03,validation,backup_delete,attack_preparation,not_applicable,timing_proxy_sensitivity,0.8761164756565675,0.3919227783411211,True
ctxv5-p042-r01,ctxv5-p042,v5-val-backup-06,validation,backup_delete,legitimate_admin,expected_use,timing_proxy_sensitivity,0.3794574198638838,0.3919227783411211,False
ctxv5-p042-r02,ctxv5-p042,v5-val-backup-06,validation,backup_delete,attack_preparation,compromised,timing_proxy_sensitivity,0.37865347205786865,0.3919227783411211,False
ctxv5-p043-r01,ctxv5-p043,v5-val-backup-02,validation,backup_delete,legitimate_admin,expected_use,timing_proxy_sensitivity,0.047717962443674065,0.3919227783411211,False
ctxv5-p043-r02,ctxv5-p043,v5-val-backup-02,validation,backup_delete,attack_preparation,not_applicable,timing_proxy_sensitivity,0.9895941371299162,0.3919227783411211,True
ctxv5-p046-r01,ctxv5-p046,v5-val-vss-06,validation,shadow_copy_delete,legitimate_admin,expected_use,timing_proxy_sensitivity,0.3752034549400744,0.3919227783411211,False
ctxv5-p046-r02,ctxv5-p046,v5-val-vss-06,validation,shadow_copy_delete,attack_preparation,compromised,timing_proxy_sensitivity,0.37680409125929715,0.3919227783411211,False
ctxv5-p048-r01,ctxv5-p048,v5-val-vss-03,validation,shadow_copy_delete,legitimate_admin,expected_use,timing_proxy_sensitivity,0.38565764052551865,0.3919227783411211,False
ctxv5-p048-r02,ctxv5-p048,v5-val-vss-03,validation,shadow_copy_delete,attack_preparation,not_applicable,timing_proxy_sensitivity,0.8748889436433236,0.3919227783411211,True
ctxv5-p051-r01,ctxv5-p051,v5-val-service-03,validation,service_disable,legitimate_admin,expected_use,timing_proxy_sensitivity,0.39490538733682407,0.3919227783411211,True
ctxv5-p051-r02,ctxv5-p051,v5-val-service-03,validation,service_disable,attack_preparation,not_applicable,timing_proxy_sensitivity,0.8634077637182871,0.3919227783411211,True
ctxv5-p054-r01,ctxv5-p054,v5-val-service-06,validation,service_disable,legitimate_admin,expected_use,timing_proxy_sensitivity,0.37392049193845883,0.3919227783411211,False
ctxv5-p054-r02,ctxv5-p054,v5-val-service-06,validation,service_disable,attack_preparation,compromised,timing_proxy_sensitivity,0.3715313895517223,0.3919227783411211,False
ctxv5-p055-r01,ctxv5-p055,v5-val-service-02,validation,service_disable,legitimate_admin,expected_use,timing_proxy_sensitivity,0.048043424803510315,0.3919227783411211,False
ctxv5-p055-r02,ctxv5-p055,v5-val-service-02,validation,service_disable,attack_preparation,not_applicable,timing_proxy_sensitivity,0.9908505622935857,0.3919227783411211,True
ctxv5-p056-r01,ctxv5-p056,v5-val-event-03,validation,event_log_clear,legitimate_admin,expected_use,timing_proxy_sensitivity,0.3797942325770933,0.3919227783411211,False
ctxv5-p056-r02,ctxv5-p056,v5-val-event-03,validation,event_log_clear,attack_preparation,not_applicable,timing_proxy_sensitivity,0.8799249179850474,0.3919227783411211,True
ctxv5-p058-r01,ctxv5-p058,v5-val-event-02,validation,event_log_clear,legitimate_admin,expected_use,timing_proxy_sensitivity,0.047628751359050245,0.3919227783411211,False
ctxv5-p058-r02,ctxv5-p058,v5-val-event-02,validation,event_log_clear,attack_preparation,not_applicable,timing_proxy_sensitivity,0.989503018312121,0.3919227783411211,True
ctxv5-p063-r01,ctxv5-p063,v5-val-service-01,validation,service_disable,legitimate_admin,expected_use,timing_proxy_sensitivity,0.3640938918653037,0.3919227783411211,False
ctxv5-p063-r02,ctxv5-p063,v5-val-service-01,validation,service_disable,attack_preparation,not_applicable,timing_proxy_sensitivity,0.8821760964082688,0.3919227783411211,True
ctxv5-p064-r01,ctxv5-p064,v5-val-event-06,validation,event_log_clear,legitimate_admin,expected_use,timing_proxy_sensitivity,0.3797955183871839,0.3919227783411211,False
ctxv5-p064-r02,ctxv5-p064,v5-val-event-06,validation,event_log_clear,attack_preparation,compromised,timing_proxy_sensitivity,0.3919227783411211,0.3919227783411211,True
ctxv5-p072-r01,ctxv5-p072,v5-val-service-05,validation,service_disable,legitimate_admin,expected_use,timing_proxy_sensitivity,0.047422605325027366,0.3919227783411211,False
ctxv5-p072-r02,ctxv5-p072,v5-val-service-05,validation,service_disable,attack_preparation,compromised,timing_proxy_sensitivity,0.8945332367749838,0.3919227783411211,True
ctxv5-p002-r01,ctxv5-p002,v5-test-backup-02,test,backup_delete,legitimate_admin,expected_use,timing_proxy_sensitivity,0.04787337269768819,0.3919227783411211,False
ctxv5-p002-r02,ctxv5-p002,v5-test-backup-02,test,backup_delete,attack_preparation,not_applicable,timing_proxy_sensitivity,0.9897682183006514,0.3919227783411211,True
ctxv5-p003-r01,ctxv5-p003,v5-test-service-02,test,service_disable,legitimate_admin,expected_use,timing_proxy_sensitivity,0.047268566073861894,0.3919227783411211,False
ctxv5-p003-r02,ctxv5-p003,v5-test-service-02,test,service_disable,attack_preparation,not_applicable,timing_proxy_sensitivity,0.9898745029195671,0.3919227783411211,True
ctxv5-p006-r01,ctxv5-p006,v5-test-service-05,test,service_disable,legitimate_admin,expected_use,timing_proxy_sensitivity,0.04742392707283966,0.3919227783411211,False
ctxv5-p006-r02,ctxv5-p006,v5-test-service-05,test,service_disable,attack_preparation,compromised,timing_proxy_sensitivity,0.8942102486616503,0.3919227783411211,True
ctxv5-p016-r01,ctxv5-p016,v5-test-event-01,test,event_log_clear,legitimate_admin,expected_use,timing_proxy_sensitivity,0.3627766341070236,0.3919227783411211,False
ctxv5-p016-r02,ctxv5-p016,v5-test-event-01,test,event_log_clear,attack_preparation,not_applicable,timing_proxy_sensitivity,0.8808700168274795,0.3919227783411211,True
ctxv5-p017-r01,ctxv5-p017,v5-test-backup-03,test,backup_delete,legitimate_admin,expected_use,timing_proxy_sensitivity,0.3754475552644829,0.3919227783411211,False
ctxv5-p017-r02,ctxv5-p017,v5-test-backup-03,test,backup_delete,attack_preparation,not_applicable,timing_proxy_sensitivity,0.8753731493647118,0.3919227783411211,True
ctxv5-p018-r01,ctxv5-p018,v5-test-service-06,test,service_disable,legitimate_admin,expected_use,timing_proxy_sensitivity,0.37712093509404165,0.3919227783411211,False
ctxv5-p018-r02,ctxv5-p018,v5-test-service-06,test,service_disable,attack_preparation,compromised,timing_proxy_sensitivity,0.37712083251309125,0.3919227783411211,False
ctxv5-p019-r01,ctxv5-p019,v5-test-vss-06,test,shadow_copy_delete,legitimate_admin,expected_use,timing_proxy_sensitivity,0.38242912757695613,0.3919227783411211,False
ctxv5-p019-r02,ctxv5-p019,v5-test-vss-06,test,shadow_copy_delete,attack_preparation,compromised,timing_proxy_sensitivity,0.3752046322367736,0.3919227783411211,False
ctxv5-p022-r01,ctxv5-p022,v5-test-service-03,test,service_disable,legitimate_admin,expected_use,timing_proxy_sensitivity,0.37872674536365103,0.3919227783411211,False
ctxv5-p022-r02,ctxv5-p022,v5-test-service-03,test,service_disable,attack_preparation,not_applicable,timing_proxy_sensitivity,0.8704892916689456,0.3919227783411211,True
ctxv5-p024-r01,ctxv5-p024,v5-test-vss-01,test,shadow_copy_delete,legitimate_admin,expected_use,timing_proxy_sensitivity,0.3606283668577808,0.3919227783411211,False
ctxv5-p024-r02,ctxv5-p024,v5-test-vss-01,test,shadow_copy_delete,attack_preparation,not_applicable,timing_proxy_sensitivity,0.8802508688264032,0.3919227783411211,True
ctxv5-p026-r01,ctxv5-p026,v5-test-backup-04,test,backup_delete,legitimate_admin,expected_use,timing_proxy_sensitivity,0.36323332264644265,0.3919227783411211,False
ctxv5-p026-r02,ctxv5-p026,v5-test-backup-04,test,backup_delete,attack_preparation,compromised,timing_proxy_sensitivity,0.36323246409349697,0.3919227783411211,False
ctxv5-p027-r01,ctxv5-p027,v5-test-event-06,test,event_log_clear,legitimate_admin,expected_use,timing_proxy_sensitivity,0.36228023814924787,0.3919227783411211,False
ctxv5-p027-r02,ctxv5-p027,v5-test-event-06,test,event_log_clear,attack_preparation,compromised,timing_proxy_sensitivity,0.3622792292294962,0.3919227783411211,False
ctxv5-p031-r01,ctxv5-p031,v5-test-event-05,test,event_log_clear,legitimate_admin,expected_use,timing_proxy_sensitivity,0.04716663648350802,0.3919227783411211,False
ctxv5-p031-r02,ctxv5-p031,v5-test-event-05,test,event_log_clear,attack_preparation,compromised,timing_proxy_sensitivity,0.8959183827361984,0.3919227783411211,True
ctxv5-p032-r01,ctxv5-p032,v5-test-event-02,test,event_log_clear,legitimate_admin,expected_use,timing_proxy_sensitivity,0.04640605082619997,0.3919227783411211,False
ctxv5-p032-r02,ctxv5-p032,v5-test-event-02,test,event_log_clear,attack_preparation,not_applicable,timing_proxy_sensitivity,0.9898172351379352,0.3919227783411211,True
ctxv5-p035-r01,ctxv5-p035,v5-test-service-04,test,service_disable,legitimate_admin,expected_use,timing_proxy_sensitivity,0.3633049526752498,0.3919227783411211,False
ctxv5-p035-r02,ctxv5-p035,v5-test-service-04,test,service_disable,attack_preparation,compromised,timing_proxy_sensitivity,0.36409374020218727,0.3919227783411211,False
ctxv5-p038-r01,ctxv5-p038,v5-test-event-04,test,event_log_clear,legitimate_admin,expected_use,timing_proxy_sensitivity,0.361196061046906,0.3919227783411211,False
ctxv5-p038-r02,ctxv5-p038,v5-test-event-04,test,event_log_clear,attack_preparation,compromised,timing_proxy_sensitivity,0.3619921014133672,0.3919227783411211,False
ctxv5-p044-r01,ctxv5-p044,v5-test-backup-06,test,backup_delete,legitimate_admin,expected_use,timing_proxy_sensitivity,0.36906972576049324,0.3919227783411211,False
ctxv5-p044-r02,ctxv5-p044,v5-test-backup-06,test,backup_delete,attack_preparation,compromised,timing_proxy_sensitivity,0.3690700816705714,0.3919227783411211,False
ctxv5-p047-r01,ctxv5-p047,v5-test-vss-02,test,shadow_copy_delete,legitimate_admin,expected_use,timing_proxy_sensitivity,0.04525352415141137,0.3919227783411211,False
ctxv5-p047-r02,ctxv5-p047,v5-test-vss-02,test,shadow_copy_delete,attack_preparation,not_applicable,timing_proxy_sensitivity,0.9898610402711344,0.3919227783411211,True
ctxv5-p050-r01,ctxv5-p050,v5-test-vss-05,test,shadow_copy_delete,legitimate_admin,expected_use,timing_proxy_sensitivity,0.04675030834245705,0.3919227783411211,False
ctxv5-p050-r02,ctxv5-p050,v5-test-vss-05,test,shadow_copy_delete,attack_preparation,compromised,timing_proxy_sensitivity,0.8940835126881138,0.3919227783411211,True
ctxv5-p052-r01,ctxv5-p052,v5-test-event-03,test,event_log_clear,legitimate_admin,expected_use,timing_proxy_sensitivity,0.36070372534239037,0.3919227783411211,False
ctxv5-p052-r02,ctxv5-p052,v5-test-event-03,test,event_log_clear,attack_preparation,not_applicable,timing_proxy_sensitivity,0.8690733128308565,0.3919227783411211,True
ctxv5-p062-r01,ctxv5-p062,v5-test-service-01,test,service_disable,legitimate_admin,expected_use,timing_proxy_sensitivity,0.3633030839028796,0.3919227783411211,False
ctxv5-p062-r02,ctxv5-p062,v5-test-service-01,test,service_disable,attack_preparation,not_applicable,timing_proxy_sensitivity,0.8821766864917656,0.3919227783411211,True
ctxv5-p067-r01,ctxv5-p067,v5-test-vss-04,test,shadow_copy_delete,legitimate_admin,expected_use,timing_proxy_sensitivity,0.359057105640441,0.3919227783411211,False
ctxv5-p067-r02,ctxv5-p067,v5-test-vss-04,test,shadow_copy_delete,attack_preparation,compromised,timing_proxy_sensitivity,0.3606304813956376,0.3919227783411211,False
ctxv5-p068-r01,ctxv5-p068,v5-test-vss-03,test,shadow_copy_delete,legitimate_admin,expected_use,timing_proxy_sensitivity,0.37680209159669426,0.3919227783411211,False
ctxv5-p068-r02,ctxv5-p068,v5-test-vss-03,test,shadow_copy_delete,attack_preparation,not_applicable,timing_proxy_sensitivity,0.8756334160658634,0.3919227783411211,True
ctxv5-p069-r01,ctxv5-p069,v5-test-backup-01,test,backup_delete,legitimate_admin,expected_use,timing_proxy_sensitivity,0.3632337266716599,0.3919227783411211,False
ctxv5-p069-r02,ctxv5-p069,v5-test-backup-01,test,backup_delete,attack_preparation,not_applicable,timing_proxy_sensitivity,0.8824996838419071,0.3919227783411211,True
ctxv5-p070-r01,ctxv5-p070,v5-test-backup-05,test,backup_delete,legitimate_admin,expected_use,timing_proxy_sensitivity,0.047718478391073085,0.3919227783411211,False
ctxv5-p070-r02,ctxv5-p070,v5-test-backup-05,test,backup_delete,attack_preparation,compromised,timing_proxy_sensitivity,0.8941818797747497,0.3919227783411211,True
